item_id,title,category,size,price,currency,shipping,best_offer,end_time,listed_at,condition,short_desc,seller,seller_feedback,location,listing_type,url,fetched_at,search_query,last_seen,times_seen,presumed_sold,sold_at
v1|236669065370|0,Phone Case Protection For Apple iPhone 13 Pro Cover Bag Pouch Bumper Black,Other,s,11.78,GBP,£6.32,False,,2026-03-04T21:55:58.000Z,New,,koenig-design-de,99.3,DE,FIXED_PRICE,https://www.ebay.co.uk/itm/236669065370?_skw=iphone+13+pro+phone&hash=item371a93589a:g:qlwAAOSw5fhn3IGx,2026-03-04T23:25:08.010953,iphone 13 pro phone,2026-03-04T23:25:08.010953,1,False,
v1|366246279582|0,Protective Case For Apple iPhone 13 Pro Cord Strap Phone Chain Case Bag Cover,Other,s,10.08,GBP,Free,False,,2026-03-04T21:28:57.000Z,New,,coolgadget_de,99.5,DE,FIXED_PRICE,https://www.ebay.co.uk/itm/366246279582?_skw=iphone+13+pro+phone&hash=item5545fab99e:g:tXwAAeSwrtFpqBPi,2026-03-04T23:25:08.011029,iphone 13 pro phone,2026-03-04T23:25:08.011029,1,False,
v1|366246277162|0,Protective Case For Apple iPhone 13 Pro Phone Flip Case,Other,s,10.08,GBP,Free,False,,2026-03-04T21:27:37.000Z,New,,coolgadget_de,99.5,DE,FIXED_PRICE,https://www.ebay.co.uk/itm/366246277162?_skw=iphone+13+pro+phone&hash=item5545fab02a:g:m7EAAeSwIY9pqBOv,2026-03-04T23:25:08.011065,iphone 13 pro phone,2026-03-04T23:25:08.011065,1,False,
v1|389699564399|656988935841,Protective Case For Apple Iphone 13 Pro Max Cord Band Phone Chain Case Bag,Other,s,10.08,GBP,Free,False,,2026-03-04T21:27:36.000Z,New,,coolgadget_de,99.5,DE,FIXED_PRICE,https://www.ebay.co.uk/itm/389699564399?_skw=iphone+13+pro+phone&hash=item5abbe7736f:g:AJwAAeSwwNlpqKSD,2026-03-04T23:25:08.011097,iphone 13 pro phone,2026-03-04T23:25:08.011097,1,False,
v1|177921869296|0,Protective Case For Apple iPhone 13 Pro Max Flip Case Phone Bag Folding Cover,Other,s,10.08,GBP,Free,False,,2026-03-04T21:27:34.000Z,New,,coolgadget_de,99.5,DE,FIXED_PRICE,https://www.ebay.co.uk/itm/177921869296?_skw=iphone+13+pro+phone&hash=item296cf845f0:g:wB4AAeSw2J9pqBRA,2026-03-04T23:25:08.011127,iphone 13 pro phone,2026-03-04T23:25:08.011127,1,False,
v1|389699563605|0,Protective Case For Apple iPhone 13 Pro Cord Strap Phone Chain Case Bag Cover,Other,s,10.08,GBP,Free,False,,2026-03-04T21:27:31.000Z,New,,coolgadget_de,99.5,DE,FIXED_PRICE,https://www.ebay.co.uk/itm/389699563605?_skw=iphone+13+pro+phone&hash=item5abbe77055:g:0IUAAeSwo~lpqBQr,2026-03-04T23:25:08.011157,iphone 13 pro phone,2026-03-04T23:25:08.011157,1,False,
v1|177921869137|0,Protective Case For Apple iPhone 13 Pro Max Flip Case Phone Bag Folding Cover,Other,s,10.08,GBP,Free,False,,2026-03-04T21:27:30.000Z,New,,coolgadget_de,99.5,DE,FIXED_PRICE,https://www.ebay.co.uk/itm/177921869137?_skw=iphone+13+pro+phone&hash=item296cf84551:g:agwAAeSwtwtpqA1Q,2026-03-04T23:25:08.011186,iphone 13 pro phone,2026-03-04T23:25:08.011186,1,False,
v1|177921869151|0,Protective Case For Apple iPhone 13 Pro Phone Bag Protection Slim Case Cover,Other,s,9.2,GBP,Free,False,,2026-03-04T21:27:30.000Z,New,,coolgadget_de,99.5,DE,FIXED_PRICE,https://www.ebay.co.uk/itm/177921869151?_skw=iphone+13+pro+phone&hash=item296cf8455f:g:9bAAAeSwO5ZpqBsB,2026-03-04T23:25:08.011218,iphone 13 pro phone,2026-03-04T23:25:08.011218,1,False,
v1|336463732396|0,"GaoBao for iPhone 13 Pro Max Phone Case, Slim Fit iPhone 13 Pro Max Case",Other,M,13.56,GBP,Free,False,,2026-03-04T20:40:11.000Z,New,,miwatom,0.0,GB,FIXED_PRICE,https://www.ebay.co.uk/itm/336463732396?_skw=iphone+13+pro+phone&hash=item4e56cd1eac:g:jdAAAeSw635pqJlo,2026-03-04T23:25:08.011251,iphone 13 pro phone,2026-03-04T23:25:08.011251,1,False,
v1|336463731308|545946619254,Gorgeous Butterfly Phone Cover For iPhone 17 Pro 14 13 15 16 Custom Hard PC Case,Other,s,9.64,GBP,Free,False,,2026-03-04T20:38:33.000Z,New,,wonderinthebox88,99.6,GB,FIXED_PRICE,https://www.ebay.co.uk/itm/336463731308?_skw=iphone+13+pro+phone&hash=item4e56cd1a6c:g:pUYAAeSwEIFppalm,2026-03-04T23:25:08.011278,iphone 13 pro phone,2026-03-04T23:25:08.011278,1,False,
v1|236668977114|537172531091,Phone Case Custom Cute Animal Cover For iPhone Air 15 Pro Max 14 12 13 16 17 Pro,Other,s,9.43,GBP,Free,False,,2026-03-04T20:28:52.000Z,New,,dailydeal88,99.6,GB,FIXED_PRICE,https://www.ebay.co.uk/itm/236668977114?_skw=iphone+13+pro+phone&hash=item371a91ffda:g:91oAAeSw2ItppuQ5,2026-03-04T23:25:08.011306,iphone 13 pro phone,2026-03-04T23:25:08.011306,1,False,
v1|406737771429|676975444550,Frying Pan Phone Case for iPhone 15 14 13 12 Pro Max 3D Creative Silicone Case,Other,s,16.79,GBP,Free,False,,2026-03-04T20:27:39.000Z,New,,ru.sheng112,0.0,CN,FIXED_PRICE,https://www.ebay.co.uk/itm/406737771429?_skw=iphone+13+pro+phone&hash=item5eb375dba5:g:mLUAAOSwUJ5mQdXR,2026-03-04T23:25:08.011338,iphone 13 pro phone,2026-03-04T23:25:08.011338,1,False,
v1|406737764992|676975287473,UK iPhone 17 16 15 14 Pro Max 13 12 11 down jacket design shockproof phone case,Other,M,6.24,GBP,£1.08,False,,2026-03-04T20:22:18.000Z,New,,ru.sheng112,0.0,CN,FIXED_PRICE,https://www.ebay.co.uk/itm/406737764992?_skw=iphone+13+pro+phone&hash=item5eb375c280:g:PXoAAeSw1DhpH92M,2026-03-04T23:25:08.011412,iphone 13 pro phone,2026-03-04T23:25:08.011412,1,False,
v1|406737762887|676975401105,New Swoosh Silicone Phone Case For Apple iPhone 12 13 14 15 16 Pro/Max UK,Other,S,10.79,GBP,Free,False,,2026-03-04T20:19:46.000Z,New,,ru.sheng112,0.0,CN,FIXED_PRICE,https://www.ebay.co.uk/itm/406737762887?_skw=iphone+13+pro+phone&hash=item5eb375ba47:g:5IkAAeSw2mhpGugz,2026-03-04T23:25:08.011451,iphone 13 pro phone,2026-03-04T23:25:08.011451,1,False,
v1|397675512585|666011049147,Leopard Leather Phone Case Customized Cover For iPhone 16 Plus 15 Pro Air 17 14,Leather,L,9.95,GBP,£2.39,False,,2026-03-04T20:08:32.000Z,New,,topchoiceseller01,99.7,CN,FIXED_PRICE,https://www.ebay.co.uk/itm/397675512585?_skw=iphone+13+pro+phone&hash=item5c974ec309:g:OfcAAeSwWflppo2Q,2026-03-04T23:25:08.011467,iphone 13 pro phone,2026-03-04T23:25:08.011467,1,False,
v1|336463679537|545946650823,Stylish Design Laser Phone Case Customized Cover For iPhone 17 Pro 15 13 16 Plus,Other,S,9.64,GBP,Free,False,,2026-03-04T19:38:37.000Z,New,,wonderinthebox88,99.6,GB,FIXED_PRICE,https://www.ebay.co.uk/itm/336463679537?_skw=iphone+13+pro+phone&hash=item4e56cc5031:g:OrEAAeSwenpppak3,2026-03-04T23:25:08.011509,iphone 13 pro phone,2026-03-04T23:25:08.011509,1,False,
v1|117070076635|417121314437,"Clear Case For Apple iPhone 17e (2026), Slim Silicone Shockproof Gel Phone Cover",Other,l,4.25,GBP,Free,False,,2026-03-04T19:34:32.000Z,New,,bitsnbobsuk2011,98.8,GB,FIXED_PRICE,https://www.ebay.co.uk/itm/117070076635?_skw=iphone+13+pro+phone&hash=item1b41eb9adb:g:irIAAeSwlJNpqHpC,2026-03-04T23:25:08.011538,iphone 13 pro phone,2026-03-04T23:25:08.011538,1,False,
v1|127718685913|428884258594,"For Apple iPhone 17e/16e Case, Clear Shockproof Gel Phone Cover+Screen Protector",Other,l,4.25,GBP,Free,False,,2026-03-04T19:34:32.000Z,New,,bitsnbobsuk2011,98.8,GB,FIXED_PRICE,https://www.ebay.co.uk/itm/127718685913?_skw=iphone+13+pro+phone&hash=item1dbca07cd9:g:6LYAAeSw-6ZpqHpz,2026-03-04T23:25:08.011566,iphone 13 pro phone,2026-03-04T23:25:08.011566,1,False,
v1|147185180203|445647141547,Case For Apple iPhone 17e / 16e Clear Silicone Shockproof ARMOUR Gel Phone Cover,Other,s,4.25,GBP,Free,False,,2026-03-04T19:34:31.000Z,New,,bitsnbobsuk2011,98.8,GB,FIXED_PRICE,https://www.ebay.co.uk/itm/147185180203?_skw=iphone+13+pro+phone&hash=item2244eb9e2b:g:4iYAAeSwkshpqHnc,2026-03-04T23:25:08.011599,iphone 13 pro phone,2026-03-04T23:25:08.011599,1,False,
v1|236668923004|537172465609,Exquisite Elephant Pattern Custom Cover For iPhone 15 14 13 16 17 Pro Phone Case,Other,s,9.46,GBP,Free,False,,2026-03-04T19:28:32.000Z,New,,dailydeal88,99.6,GB,FIXED_PRICE,https://www.ebay.co.uk/itm/236668923004?_skw=iphone+13+pro+phone&hash=item371a912c7c:g:kJMAAeSwO61ppuPw,2026-03-04T23:25:08.011631,iphone 13 pro phone,2026-03-04T23:25:08.011631,1,False,
v1|317954462524|616572586456,3D Hello Kitty Wallet Phone Case with Lanyard for iPhone 6–17 Pro/Max/Mini/Air,Other,l,10.99,GBP,Free,False,,2026-03-04T19:05:02.000Z,New,,etechnologia,100.0,GB,FIXED_PRICE,https://www.ebay.co.uk/itm/317954462524?_skw=iphone+13+pro+phone&hash=item4a0790133c:g:BqAAAeSwpDhpqH~R,2026-03-04T23:25:08.011678,iphone 13 pro phone,2026-03-04T23:25:08.011678,1,False,
v1|406737655131|676975439224,Spider Man Phone Case For iphone 15 F/ iPhone 16 Pro Max 14 13 12 11 Pro Max  ,Other,S,6.24,GBP,Free,False,,2026-03-04T19:03:40.000Z,New,,ru.sheng112,0.0,CN,FIXED_PRICE,https://www.ebay.co.uk/itm/406737655131?_skw=iphone+13+pro+phone&hash=item5eb374155b:g:rgEAAOSw3QpnyA9H,2026-03-04T23:25:08.011707,iphone 13 pro phone,2026-03-04T23:25:08.011707,1,False,
v1|406737647571|676975432405,Stone Island Phone Case For iPhone 12 13 14 15 16 Pro Max Plus Protective Cover@,Other,S,7.86,GBP,£1.20,False,,2026-03-04T19:00:03.000Z,New,,ru.sheng112,0.0,CN,FIXED_PRICE,https://www.ebay.co.uk/itm/406737647571?_skw=iphone+13+pro+phone&hash=item5eb373f7d3:g:gn4AAOSwpkJoBgte,2026-03-04T23:25:08.011737,iphone 13 pro phone,2026-03-04T23:25:08.011737,1,False,
v1|406737645857|676975383551,Crossbody Lanyard Cover Shockproof Phone Case For iPhone 11/12/13/14/15/16promax,Other,s,9.58,GBP,Free,False,,2026-03-04T18:58:58.000Z,New,,ru.sheng112,0.0,CN,FIXED_PRICE,https://www.ebay.co.uk/itm/406737645857?_skw=iphone+13+pro+phone&hash=item5eb373f121:g:qX4AAeSwdsVn~5sd,2026-03-04T23:25:08.011778,iphone 13 pro phone,2026-03-04T23:25:08.011778,1,False,
v1|317954397090|616572414786,Case for iPhone 17 17 Air 17pro 17 Pro Max 16 15 14 13 12 11  Clear  Case Cover,Other,s,2.99,GBP,Free,False,,2026-03-04T18:38:47.000Z,New,,muhaya3452,99.4,GB,FIXED_PRICE,https://www.ebay.co.uk/itm/317954397090?_skw=iphone+13+pro+phone&hash=item4a078f13a2:g:C7UAAeSwI6lpqHhV,2026-03-04T23:25:08.011808,iphone 13 pro phone,2026-03-04T23:25:08.011808,1,False,
v1|389699037616|656988770816,Rhode Lip Tint Phone Cases WITH Lipgloss Set IPhone 17 16 15 14 13 12 11 Pro Max,Other,L,12.44,GBP,Free,False,,2026-03-04T17:38:00.000Z,New,,aim-o_16,96.8,GB,FIXED_PRICE,https://www.ebay.co.uk/itm/389699037616?_skw=iphone+13+pro+phone&hash=item5abbdf69b0:g:maIAAeSwKFhpqG1S,2026-03-04T23:25:08.011885,iphone 13 pro phone,2026-03-04T23:25:08.011885,1,False,
v1|236668796859|537172513553,Custom Shockrpoof Cover Goddess Phone Case For iPhone 16 14 Pro 11 15 17 Pro Max,Other,s,9.45,GBP,Free,False,,2026-03-04T17:28:46.000Z,New,,dailydeal88,99.6,GB,FIXED_PRICE,https://www.ebay.co.uk/itm/236668796859?_skw=iphone+13+pro+phone&hash=item371a8f3fbb:g:bhAAAeSwv5NppuNz,2026-03-04T23:25:08.011916,iphone 13 pro phone,2026-03-04T23:25:08.011916,1,False,
v1|317954205163|0,Memumi iPhone 13 Pro Max Black Phone Case,Other,M,5.45,GBP,£2.70,True,,2026-03-04T17:26:47.000Z,Opened – never used,,sim187016,100.0,GB,FIXED_PRICE,https://www.ebay.co.uk/itm/317954205163?_skw=iphone+13+pro+phone&hash=item4a078c25eb:g:Hy0AAeSwePBpqGqM,2026-03-04T23:25:08.011943,iphone 13 pro phone,2026-03-04T23:25:08.011943,1,False,
v1|147185052851|445647004380,"iPhone 13 Pro, Pro max,13,and more Mirror Phone Case For iPhone 13, Luxury Bling",Other,m,15.11,GBP,Free,False,,2026-03-04T17:20:52.000Z,New,,veeceeplus,96.7,GB,FIXED_PRICE,https://www.ebay.co.uk/itm/147185052851?_skw=iphone+13+pro+phone&hash=item2244e9acb3:g:x9gAAeSwIZNpqGns,2026-03-04T23:25:08.011983,iphone 13 pro phone,2026-03-04T23:25:08.011983,1,False,
v1|147185052838|445646926183,Mirror Phone Case For iPhone 16 15 14 Plus 13 12 11 Pro Max Luxury Bling Glitter,Other,M,15.11,GBP,Free,False,,2026-03-04T17:20:50.000Z,New,,veeceeplus,96.7,GB,FIXED_PRICE,https://www.ebay.co.uk/itm/147185052838?_skw=iphone+13+pro+phone&hash=item2244e9aca6:g:oisAAeSwW5RpqGnr,2026-03-04T23:25:08.012014,iphone 13 pro phone,2026-03-04T23:25:08.012014,1,False,
v1|406737417559|676975232879,Electroplating Phone Case Cover Heat Dissipation for iPhone 15 14 13 12 Pro Max,Other,l,3.96,GBP,Free,False,,2026-03-04T16:40:35.000Z,New,,geshi-7080,97.4,CN,FIXED_PRICE,https://www.ebay.co.uk/itm/406737417559?_skw=iphone+13+pro+phone&hash=item5eb3707557:g:zSUAAOSw765nW-Yh,2026-03-04T23:25:08.012053,iphone 13 pro phone,2026-03-04T23:25:08.012053,1,False,
v1|366245747773|636058829765,For iPhone 17 13 14 15 Air 16 Pro 16e Personalised Phone Case Cover Custom Photo,Other,s,6.71,GBP,£2.39,False,,2026-03-04T16:22:47.000Z,New,,i-love-sunshine,99.8,CN,FIXED_PRICE,https://www.ebay.co.uk/itm/366245747773?_skw=iphone+13+pro+phone&hash=item5545f29c3d:g:vbIAAeSwQ95pooq1,2026-03-04T23:25:08.012113,iphone 13 pro phone,2026-03-04T23:25:08.012113,1,False,
v1|377008895938|645517767064,Clear Case For iPhone 16 15 14 Pro Max Plus 13 11 12 7 8 Shockproof Phone Cover,Other,l,2.99,GBP,Free,False,,2026-03-04T16:17:09.000Z,New,,astrobuy,100.0,GB,FIXED_PRICE,https://www.ebay.co.uk/itm/377008895938?_skw=iphone+13+pro+phone&hash=item57c77b37c2:g:bE4AAeSw8klpqFqg,2026-03-04T23:25:08.012145,iphone 13 pro phone,2026-03-04T23:25:08.012145,1,False,
v1|137094524650|435482467231,Burgundy Cherry Phone Case For iPhone 17 16 15 14 13 12 11 Pro Max Shockproof UK,Other,s,3.15,GBP,Free,False,,2026-03-04T16:16:50.000Z,New,,azaenterprises,100.0,GB,FIXED_PRICE,https://www.ebay.co.uk/itm/137094524650?_skw=iphone+13+pro+phone&hash=item1feb786eea:g:1CMAAeSwDq5pqFk4,2026-03-04T23:25:08.012187,iphone 13 pro phone,2026-03-04T23:25:08.012187,1,False,
v1|147184974574|445647025196,Cover For iPhone 16 15 14 17 Pro Max Elegant Flower Custom TPU Bumper Phone Case,Other,M,7.87,GBP,Free,False,,2026-03-04T16:15:31.000Z,New,,uv_personalised,99.3,CN,FIXED_PRICE,https://www.ebay.co.uk/itm/147184974574?_skw=iphone+13+pro+phone&hash=item2244e87aee:g:QTMAAeSwOndppQa9,2026-03-04T23:25:08.012232,iphone 13 pro phone,2026-03-04T23:25:08.012232,1,False,
v1|298088844273|0,20W Fast Charger Foldable Phone Adapter for IPhone 13 12 11 14 Pro Max Plus Type,Other,s,13.65,GBP,Free,False,,2026-03-04T16:04:48.000Z,New,,caesor10,94.5,GB,FIXED_PRICE,https://www.ebay.co.uk/itm/298088844273?_skw=iphone+13+pro+phone&hash=item45677acbf1:g:8~8AAeSwDwtpnCSA,2026-03-04T23:25:08.012287,iphone 13 pro phone,2026-03-04T23:25:08.012287,1,False,
v1|168205306575|467772066590,Silicone Dark Night Curcuma Phone Case Cover For iPhone 15 14 13 12 11 Pro Max,Other,S,3.72,GBP,Free,False,,2026-03-04T15:31:24.000Z,New,,weimeilia_65,98.9,CN,FIXED_PRICE,https://www.ebay.co.uk/itm/168205306575?_skw=iphone+13+pro+phone&hash=item2729d14acf:g:V4oAAOSwmmlmu7AJ,2026-03-04T23:25:08.012342,iphone 13 pro phone,2026-03-04T23:25:08.012342,1,False,
v1|317953857014|616572155122,360° Rotation for iPhone 15 14 13 12 Pro Magnetic Car Phone Holder Adjustable,Other,M,10.81,GBP,Free,False,,2026-03-04T15:31:21.000Z,New,,kz2046,98.5,CN,FIXED_PRICE,https://www.ebay.co.uk/itm/317953857014?_skw=iphone+13+pro+phone&hash=item4a0786d5f6:g:0LIAAOSwO2Jmu66x,2026-03-04T23:25:08.012393,iphone 13 pro phone,2026-03-04T23:25:08.012393,1,False,
v1|147184879763|445647049296,Privacy Screen Protector Tempered Glass For iPhone 17 Pro Max 16 15 14 13 12 11,Other,S,4.05,GBP,Free,False,,2026-03-04T15:16:41.000Z,New,,manmad763,97.9,GB,FIXED_PRICE,https://www.ebay.co.uk/itm/147184879763?_skw=iphone+13+pro+phone&hash=item2244e70893:g:xUkAAeSwKFhpqEn2,2026-03-04T23:25:08.012426,iphone 13 pro phone,2026-03-04T23:25:08.012426,1,False,
v1|147184879017|445647022883,Silicone Phone Case For iPhone 17 15 16 Pro Max 14 Fruits Patterned Custom Cover,Other,S,7.84,GBP,Free,False,,2026-03-04T15:15:48.000Z,New,,uv_personalised,99.3,CN,FIXED_PRICE,https://www.ebay.co.uk/itm/147184879017?_skw=iphone+13+pro+phone&hash=item2244e705a9:g:VtsAAeSw3ABppQwQ,2026-03-04T23:25:08.012456,iphone 13 pro phone,2026-03-04T23:25:08.012456,1,False,
v1|127718374953|428883940312,Magnetic Case For iPhone 17 Pro Max Air 16 15 14 13 Magsafe Hybrid Phone Cover,Other,M,9.11,GBP,Free,False,,2026-03-04T15:10:26.000Z,New,,eyvf-28,96.6,CN,FIXED_PRICE,https://www.ebay.co.uk/itm/127718374953?_skw=iphone+13+pro+phone&hash=item1dbc9bbe29:g:3oIAAeSw0U9pVm5h,2026-03-04T23:25:08.012487,iphone 13 pro phone,2026-03-04T23:25:08.012487,1,False,
v1|397674621374|666010671640,Phone Case For iPhone 16 15 Plus 17 Pro Max 12 14 13 IMD Laser Back Animal Cover,Other,s,9.58,GBP,Free,False,,2026-03-04T15:08:50.000Z,New,,topchoiceseller01,99.7,GB,FIXED_PRICE,https://www.ebay.co.uk/itm/397674621374?_skw=iphone+13+pro+phone&hash=item5c974129be:g:Yw4AAeSwom1pcFLz,2026-03-04T23:25:08.012519,iphone 13 pro phone,2026-03-04T23:25:08.012519,1,False,
v1|397674430927|666010559485,Laser Design Cover For iPhone Air 13 15 16 17 Pro Max 14 Cute Animal Phone Case,Other,L,9.58,GBP,Free,False,,2026-03-04T14:08:36.000Z,New,,topchoiceseller01,99.7,GB,FIXED_PRICE,https://www.ebay.co.uk/itm/397674430927?_skw=iphone+13+pro+phone&hash=item5c973e41cf:g:NzIAAeSw5eJpcFAV,2026-03-04T23:25:08.012633,iphone 13 pro phone,2026-03-04T23:25:08.012633,1,False,
v1|177921090832|0,Protective Cover for Apple iPhone 13 Pro Phone Case Bag Cover Slim Case Black,Other,l,9.2,GBP,Free,False,,2026-03-04T13:51:42.000Z,New,,coolgadget_de,99.5,DE,FIXED_PRICE,https://www.ebay.co.uk/itm/177921090832?_skw=iphone+13+pro+phone&hash=item296cec6510:g:~LEAAeSw4h1pp~7L,2026-03-04T23:25:08.012670,iphone 13 pro phone,2026-03-04T23:25:08.012670,1,False,
v1|298088500878|595192607507,Sweet Photos Personalised Cover For iPhone 17 13 Pro 11 14 15 16 Plus Phone Case,Other,S,8.99,GBP,Free,False,,2026-03-04T13:42:31.000Z,New,,earlybirdseller,99.8,GB,FIXED_PRICE,https://www.ebay.co.uk/itm/298088500878?_skw=iphone+13+pro+phone&hash=item4567758e8e:g:NLcAAeSwt1FpcK15,2026-03-04T23:25:08.012696,iphone 13 pro phone,2026-03-04T23:25:08.012696,1,False,
v1|236668243661|537172465759,Gorgeous Leopard Phone Cover For iPhone 17 Pro 14 Plus 15 16 Custom Hard PC Case,Other,s,9.52,GBP,Free,False,,2026-03-04T13:28:31.000Z,New,,dailydeal88,99.6,GB,FIXED_PRICE,https://www.ebay.co.uk/itm/236668243661?_skw=iphone+13+pro+phone&hash=item371a86cecd:g:KWcAAeSw9pdppbId,2026-03-04T23:25:08.012757,iphone 13 pro phone,2026-03-04T23:25:08.012757,1,False,
v1|366245397976|636058727666,Phone Case For iPhone 17 Pro Max 12 13 14 15 16e Customized Photo Silicone Cover,Other,s,6.71,GBP,£2.39,False,,2026-03-04T13:22:31.000Z,New,,i-love-sunshine,99.8,CN,FIXED_PRICE,https://www.ebay.co.uk/itm/366245397976?_skw=iphone+13+pro+phone&hash=item5545ed45d8:g:ZG8AAeSwH35pgcmv,2026-03-04T23:25:08.012788,iphone 13 pro phone,2026-03-04T23:25:08.012788,1,False,
v1|397674271742|666010285724,Dreamcatcher Printed Cover IMD Phone Case For iPhone 17 15 16 Pro 14 Plus 13 12,Other,m,9.59,GBP,Free,False,,2026-03-04T13:08:31.000Z,New,,topchoiceseller01,99.7,GB,FIXED_PRICE,https://www.ebay.co.uk/itm/397674271742?_skw=iphone+13+pro+phone&hash=item5c973bd3fe:g:HtAAAeSwGC9pcExB,2026-03-04T23:25:08.012817,iphone 13 pro phone,2026-03-04T23:25:08.012817,1,False,
v1|336462561320|545946069710,MagSafe Shockproof Phone Case for iPhone 17 16 15 14 Pro Max Magnetic Cover UK,Other,M,4.99,GBP,Free,False,,2026-03-04T13:00:01.000Z,New,,extra-kit,98.9,GB,FIXED_PRICE,https://www.ebay.co.uk/itm/336462561320?_skw=iphone+13+pro+phone&hash=item4e56bb4028:g:J7cAAeSwJ4Zpophp,2026-03-04T23:25:08.012843,iphone 13 pro phone,2026-03-04T23:25:08.012843,1,False,
v1|377007695580|645516833981,Magnetic Shockproof Magsafe Phone Case For iPhone 17 Air 16 15 14 13 12 Pro Max,Other,M,7.49,GBP,Free,False,,2026-03-04T13:00:01.000Z,New,,loadbasket-shop,98.7,GB,FIXED_PRICE,https://www.ebay.co.uk/itm/377007695580?_skw=iphone+13+pro+phone&hash=item57c768e6dc:g:-SwAAeSwfLxpp71d,2026-03-04T23:25:08.012874,iphone 13 pro phone,2026-03-04T23:25:08.012874,1,False,
v1|117069648551|417121246152,China Dragon Case For iPhone 17 16 Pro Max 15 14 13 12 11 X XR 8 7 Phone Cover,Other,s,6.71,GBP,Free,False,,2026-03-04T12:54:40.000Z,New,,willa1223,98.3,CN,FIXED_PRICE,https://www.ebay.co.uk/itm/117069648551?_skw=iphone+13+pro+phone&hash=item1b41e512a7:g:BzwAAeSwO01pehXk,2026-03-04T23:25:08.012917,iphone 13 pro phone,2026-03-04T23:25:08.012917,1,False,
v1|117069645994|417121243168,Case For iPhone 17/16/15/14ProMax/13/12/11/XR/X/8 Stitch ShockProof Phone Cover,Other,s,6.71,GBP,Free,False,,2026-03-04T12:51:31.000Z,New,,willa1223,98.3,CN,FIXED_PRICE,https://www.ebay.co.uk/itm/117069645994?_skw=iphone+13+pro+phone&hash=item1b41e508aa:g:UbsAAeSw8MBpefAR,2026-03-04T23:25:08.012945,iphone 13 pro phone,2026-03-04T23:25:08.012945,1,False,
v1|117069625950|417121152782,Case For iPhone 17/16/15/14ProMax/13/12/11 Sexy Red Lips ShockProof Phone Cover,Other,s,5.75,GBP,Free,False,,2026-03-04T12:42:34.000Z,New,,willa1223,98.3,CN,FIXED_PRICE,https://www.ebay.co.uk/itm/117069625950?_skw=iphone+13+pro+phone&hash=item1b41e4ba5e:g:b0cAAeSwcVRpEGuw,2026-03-04T23:25:08.013025,iphone 13 pro phone,2026-03-04T23:25:08.013025,1,False,
v1|406736881014|676974892280,Solid Color Back Phone Case Cover For iPhone 14 13 12 11 Pro Max Colored Border,Other,S,5.16,GBP,Free,False,,2026-03-04T12:15:58.000Z,New,,xianjuex_63,97.5,CN,FIXED_PRICE,https://www.ebay.co.uk/itm/406736881014?_skw=iphone+13+pro+phone&hash=item5eb3684576:g:N6kAAOSwd2dl8WsC,2026-03-04T23:25:08.013139,iphone 13 pro phone,2026-03-04T23:25:08.013139,1,False,
v1|147184597139|445646770153,For iPhone 17 Pro 16e 15 14 13 Fruit Personalized Silicone Phone Case Back Cover,Other,s,7.87,GBP,Free,False,,2026-03-04T12:15:31.000Z,New,,uv_personalised,99.3,CN,FIXED_PRICE,https://www.ebay.co.uk/itm/147184597139?_skw=iphone+13+pro+phone&hash=item2244e2b893:g:VZwAAeSwN9ZppQnU,2026-03-04T23:25:08.013180,iphone 13 pro phone,2026-03-04T23:25:08.013180,1,False,
v1|177920847911|0,Drop-Resistant  Wireless Charging Phone Cover for Iphones 13/14/15/16/17 pro max,Other,s,4.36,GBP,£2.70,True,,2026-03-04T11:59:19.000Z,New,,praveen3105,0.0,GB,FIXED_PRICE,https://www.ebay.co.uk/itm/177920847911?_skw=iphone+13+pro+phone&hash=item296ce8b027:g:0gsAAeSwM3FpqBxM,2026-03-04T23:25:08.013213,iphone 13 pro phone,2026-03-04T23:25:08.013213,1,False,
v1|236668066800|537172302105,Kendall Jenner Phone Case for iPhone 11-16 Pro Pro Max Plus,Other,l,14.0,GBP,Free,False,,2026-03-04T11:49:36.000Z,New,,alfur-5727,99.5,GB,FIXED_PRICE,https://www.ebay.co.uk/itm/236668066800?_skw=iphone+13+pro+phone&hash=item371a841bf0:g:rfsAAeSwfKFpqBu1,2026-03-04T23:25:08.013255,iphone 13 pro phone,2026-03-04T23:25:08.013255,1,False,
v1|236668062409|537172275953,Bratz Doll Phone Case for iPhone 11-17 Pro Pro Max Plus,Other,l,13.99,GBP,Free,False,,2026-03-04T11:44:30.000Z,New,,alfur-5727,99.5,GB,FIXED_PRICE,https://www.ebay.co.uk/itm/236668062409?_skw=iphone+13+pro+phone&hash=item371a840ac9:g:qUcAAeSwDfVpqBnu,2026-03-04T23:25:08.013284,iphone 13 pro phone,2026-03-04T23:25:08.013284,1,False,
v1|236668052491|537172288224,Devil May Cry Phone Cases for iPhone 12-16 Pro Pro Max Plus,Other,l,13.99,GBP,Free,False,,2026-03-04T11:37:04.000Z,New,,alfur-5727,99.5,GB,FIXED_PRICE,https://www.ebay.co.uk/itm/236668052491?_skw=iphone+13+pro+phone&hash=item371a83e40b:g:-kUAAeSwsrNpqBiI,2026-03-04T23:25:08.013318,iphone 13 pro phone,2026-03-04T23:25:08.013318,1,False,
v1|336462955045|545946340474,Clear Gel Case Phone + Screen Protector For iPhone 17 Pro Max 16/15 Shockproof,Other,l,4.25,GBP,Free,False,,2026-03-04T11:33:47.000Z,New,,extra-kit,98.9,GB,FIXED_PRICE,https://www.ebay.co.uk/itm/336462955045?_skw=iphone+13+pro+phone&hash=item4e56c14225:g:tnQAAeSwm1lpqBMq,2026-03-04T23:25:08.013346,iphone 13 pro phone,2026-03-04T23:25:08.013346,1,False,
v1|147184502648|445646630740,Skull Design Customized Phone Cover Soft TPU Case For iPhone 17 Pro 15 16e 14 13,Other,S,7.87,GBP,Free,False,,2026-03-04T11:15:31.000Z,New,,uv_personalised,99.3,CN,FIXED_PRICE,https://www.ebay.co.uk/itm/147184502648?_skw=iphone+13+pro+phone&hash=item2244e14778:g:RosAAeSwklxppQcQ,2026-03-04T23:25:08.013376,iphone 13 pro phone,2026-03-04T23:25:08.013376,1,False,
v1|377008242028|645517146511,For IPhone 17 Pro Max Case-Gold Brand Logo Design Shock-proof New 17 16 15,Other,M,11.72,GBP,£2.40,False,,2026-03-04T11:00:16.000Z,New,,uayy7274,0.0,CN,FIXED_PRICE,https://www.ebay.co.uk/itm/377008242028?_skw=iphone+13+pro+phone&hash=item57c7713d6c:g:HGsAAOSwOWBoQ~Cv,2026-03-04T23:25:08.013411,iphone 13 pro phone,2026-03-04T23:25:08.013411,1,False,
v1|389697672735|656987709334,Rhode Lip tint Silicon Phone Cases WITH Lipgloss iPhone 11 12 13 14 15 16Pro Max,Other,L,7.42,GBP,Free,False,,2026-03-04T10:28:49.000Z,New,,thesrs,99.2,GB,FIXED_PRICE,https://www.ebay.co.uk/itm/389697672735?_skw=iphone+13+pro+phone&hash=item5abbca961f:g:BBsAAeSwdnFpqABD,2026-03-04T23:25:08.013456,iphone 13 pro phone,2026-03-04T23:25:08.013456,1,False,
v1|227243584018|0,QUAD LOCK CASE FOR IPHONE 13 PRO & PHONE RING/STAND,Other,L,21.5,GBP,£2.70,False,,2026-03-05T17:42:58.000Z,Used,,saree18,100.0,GB,FIXED_PRICE,https://www.ebay.co.uk/itm/227243584018?_skw=iphone+13+pro+phone&hash=item34e8c5ea12:g:pdEAAeSwMWJpqcAn,2026-03-05T17:48:30.589184,iphone 13 pro phone,2026-03-05T17:48:30.589184,1,False,
v1|298092165677|595193659754,Durable Silicone Cover For iPhone 17 Pro Max 16 Plus 15 14 Cute Heart Phone Case,Other,l,9.49,GBP,Free,False,,2026-03-05T17:42:37.000Z,New,,earlybirdseller,99.8,GB,FIXED_PRICE,https://www.ebay.co.uk/itm/298092165677?_skw=iphone+13+pro+phone&hash=item4567ad7a2d:g:d8YAAeSwSxxpp~GD,2026-03-05T17:48:30.589283,iphone 13 pro phone,2026-03-05T17:48:30.589283,1,False,
v1|336465095874|545947620495,Personalised Photo Phone Case For iPhone 16 14 Plus 13 11 12 15 17 Pro Max Cover,Other,s,10.58,GBP,Free,False,,2026-03-05T17:38:35.000Z,New,,wonderinthebox88,99.6,GB,FIXED_PRICE,https://www.ebay.co.uk/itm/336465095874?_skw=iphone+13+pro+phone&hash=item4e56e1ecc2:g:U-kAAeSwXDBppajB,2026-03-05T17:48:30.589340,iphone 13 pro phone,2026-03-05T17:48:30.589340,1,False,
v1|127720569898|428887273159,Lando Norris F1 No. 1 Phone Case iPhone 17 16 15 14 13 12 11 Pro Max Mini Plus,Other,L,12.99,GBP,Free,False,,2026-03-05T17:30:35.000Z,New,,retro_bubble,99.2,GB,FIXED_PRICE,https://www.ebay.co.uk/itm/127720569898?_skw=iphone+13+pro+phone&hash=item1dbcbd3c2a:g:iQ4AAeSwD2Npqbut,2026-03-05T17:48:30.589372,iphone 13 pro phone,2026-03-05T17:48:30.589372,1,False,
v1|188124029379|695753690469,Shockproof Magnetic Magsafe Phone Case For iPhone 17 16 15 14 13 12 Pro Max Plus,Other,S,3.99,GBP,Free,False,,2026-03-05T17:14:37.000Z,New,,gikaymart,99.0,GB,FIXED_PRICE,https://www.ebay.co.uk/itm/188124029379?_skw=iphone+13+pro+phone&hash=item2bcd10e1c3:g:7XwAAeSwwRlpqHC~,2026-03-05T17:48:30.589400,iphone 13 pro phone,2026-03-05T17:48:30.589400,1,False,
v1|366248396458|636061105463,Back Shockproof Phone Case Cover For iPhone 15 14 13 12 Pro Max Transparent TPU,Other,S,3.71,GBP,Free,False,,2026-03-05T17:10:36.000Z,New,,zhangluba96,96.4,CN,FIXED_PRICE,https://www.ebay.co.uk/itm/366248396458?_skw=iphone+13+pro+phone&hash=item55461b06aa:g:1JIAAeSwEcxpLwjM,2026-03-05T17:48:30.589430,iphone 13 pro phone,2026-03-05T17:48:30.589430,1,False,
v1|366248396341|636061160418,For iPhone 15 14 13 12 Pro Max TPU Shockproof Transparent Phone Case Cover NEW,Other,M,3.71,GBP,Free,False,,2026-03-05T17:10:33.000Z,New,,zhangluba96,96.4,CN,FIXED_PRICE,https://www.ebay.co.uk/itm/366248396341?_skw=iphone+13+pro+phone&hash=item55461b0635:g:yRoAAeSwcXppLwb1,2026-03-05T17:48:30.589465,iphone 13 pro phone,2026-03-05T17:48:30.589465,1,False,
v1|366248396156|636061093540,Berry Red Christmas Theme Cover For iPhone15 14 13 12 11 Pro Max Phone Case,Other,s,3.71,GBP,Free,False,,2026-03-05T17:10:27.000Z,New,,zhangluba96,96.4,CN,FIXED_PRICE,https://www.ebay.co.uk/itm/366248396156?_skw=iphone+13+pro+phone&hash=item55461b057c:g:CecAAeSwn7JpLwvp,2026-03-05T17:48:30.589495,iphone 13 pro phone,2026-03-05T17:48:30.589495,1,False,
v1|366248396011|636061158146,Protection Soft Shockproof TPU Phone Case Cover For iPhone15 14 13 12 Pro Max,Other,S,3.71,GBP,Free,False,,2026-03-05T17:10:23.000Z,New,,zhangluba96,96.4,CN,FIXED_PRICE,https://www.ebay.co.uk/itm/366248396011?_skw=iphone+13+pro+phone&hash=item55461b04eb:g:4QcAAeSwUTlpLwfU,2026-03-05T17:48:30.589524,iphone 13 pro phone,2026-03-05T17:48:30.589524,1,False,
v1|397679042191|666013918471,For iPhone 16 Plus 15 Pro Max 17 14 13 Gorgeous Flower IMD Tech Cover Phone Case,Other,l,9.49,GBP,Free,False,,2026-03-05T17:08:32.000Z,New,,topchoiceseller01,99.7,GB,FIXED_PRICE,https://www.ebay.co.uk/itm/397679042191?_skw=iphone+13+pro+phone&hash=item5c97849e8f:g:ovMAAeSwMGxpcZy~,2026-03-05T17:48:30.589576,iphone 13 pro phone,2026-03-05T17:48:30.589576,1,False,
v1|127720521532|428887260782,"Star Wars Mandalorian Phone Case for iPhone 16 15 14 13 12 Pro, Max, Plus, etc",Other,S,9.99,GBP,Free,False,,2026-03-05T16:44:20.000Z,New,,retro_bubble,99.2,GB,FIXED_PRICE,https://www.ebay.co.uk/itm/127720521532?_skw=iphone+13+pro+phone&hash=item1dbcbc7f3c:g:cYIAAeSwOn9pqa8x,2026-03-05T17:48:30.589631,iphone 13 pro phone,2026-03-05T17:48:30.589631,1,False,
v1|298092017815|595193614157,Rubber Phone Cover For iPhone 17 16 15 14 Pro 13 12 11 Lovely Fruit Pattern Case,Other,L,9.49,GBP,Free,False,,2026-03-05T16:42:36.000Z,New,,earlybirdseller,99.8,GB,FIXED_PRICE,https://www.ebay.co.uk/itm/298092017815?_skw=iphone+13+pro+phone&hash=item4567ab3897:g:jEwAAeSw5A9pp~E6,2026-03-05T17:48:30.589672,iphone 13 pro phone,2026-03-05T17:48:30.589672,1,False,
v1|336465014206|545947666866,Memorable Custom Photos Phone Cover For iPhone 17 Pro 15 16e Custom Hard PC Case,Other,M,10.75,GBP,Free,False,,2026-03-05T16:38:48.000Z,New,,wonderinthebox88,99.6,GB,FIXED_PRICE,https://www.ebay.co.uk/itm/336465014206?_skw=iphone+13+pro+phone&hash=item4e56e0adbe:g:NI8AAeSw8PVppaih,2026-03-05T17:48:30.589695,iphone 13 pro phone,2026-03-05T17:48:30.589695,1,False,
v1|198157651599|497312546628,Cherry Phone Case For iPhone 17 16 Pro Max 15 14 13 Shockproof Magnetic PC Cover,Other,s,6.71,GBP,Free,False,,2026-03-05T16:23:54.000Z,New,,ppll_17,97.6,CN,FIXED_PRICE,https://www.ebay.co.uk/itm/198157651599?_skw=iphone+13+pro+phone&hash=item2e231dce8f:g:VzsAAeSwUN9pqa3q,2026-03-05T17:48:30.589722,iphone 13 pro phone,2026-03-05T17:48:30.589722,1,False,
v1|366248298611|636061095204,For iPhone15 14 13 12 11 Pro Max Cover Phone Case Berry Red Christmas Theme,Other,M,3.71,GBP,Free,False,,2026-03-05T16:10:42.000Z,New,,zhangluba96,96.4,CN,FIXED_PRICE,https://www.ebay.co.uk/itm/366248298611?_skw=iphone+13+pro+phone&hash=item5546198873:g:pwsAAeSwIolpLwEO,2026-03-05T17:48:30.589754,iphone 13 pro phone,2026-03-05T17:48:30.589754,1,False,
v1|366248298527|636060991276,Protect Red TPU Phone Case Cover Silicone Soft For iPhone15 14 13 12 11 Pro Max,Other,s,3.71,GBP,Free,False,,2026-03-05T16:10:40.000Z,New,,zhangluba96,96.4,CN,FIXED_PRICE,https://www.ebay.co.uk/itm/366248298527?_skw=iphone+13+pro+phone&hash=item554619881f:g:R2oAAeSwIl9pLwBO,2026-03-05T17:48:30.589783,iphone 13 pro phone,2026-03-05T17:48:30.589783,1,False,
v1|366248298424|636061111630,TPU Phone Case Cover Silicone Soft Red Black For iPhone15 14 13 12 11 Pro Max,Other,s,3.71,GBP,Free,False,,2026-03-05T16:10:39.000Z,New,,zhangluba96,96.4,CN,FIXED_PRICE,https://www.ebay.co.uk/itm/366248298424?_skw=iphone+13+pro+phone&hash=item55461987b8:g:UzUAAeSwCyppLwD4,2026-03-05T17:48:30.589810,iphone 13 pro phone,2026-03-05T17:48:30.589810,1,False,
v1|366248298318|636061019469,TPU Protection Soft Shockproof Phone Case Cover For iPhone15 14 13 12 Pro Max,Other,S,3.71,GBP,Free,False,,2026-03-05T16:10:37.000Z,New,,zhangluba96,96.4,CN,FIXED_PRICE,https://www.ebay.co.uk/itm/366248298318?_skw=iphone+13+pro+phone&hash=item554619874e:g:DP8AAeSwSqVpLvj1,2026-03-05T17:48:30.589837,iphone 13 pro phone,2026-03-05T17:48:30.589837,1,False,
v1|366248298212|636061110131,Phone Case Cover White Flowers Shockproof Soft For iPhone15 14 13 12 11 Pro Max,Other,s,3.71,GBP,Free,False,,2026-03-05T16:10:37.000Z,New,,zhangluba96,96.4,CN,FIXED_PRICE,https://www.ebay.co.uk/itm/366248298212?_skw=iphone+13+pro+phone&hash=item55461986e4:g:HWgAAeSwq4xpLvfc,2026-03-05T17:48:30.589863,iphone 13 pro phone,2026-03-05T17:48:30.589863,1,False,
v1|366248298190|636060925583,TPU Soft Phone Case Cover Shockproof Protection For iPhone15 14 13 12 Pro Max,Other,S,3.71,GBP,Free,False,,2026-03-05T16:10:36.000Z,New,,zhangluba96,96.4,CN,FIXED_PRICE,https://www.ebay.co.uk/itm/366248298190?_skw=iphone+13+pro+phone&hash=item55461986ce:g:saQAAeSwsYppLv5Z,2026-03-05T17:48:30.589888,iphone 13 pro phone,2026-03-05T17:48:30.589888,1,False,
v1|366248298089|636060937803,Phone Case Cover Soft TPU Shockproof Protection For iPhone15 14 13 12 Pro Max,Other,s,3.71,GBP,Free,False,,2026-03-05T16:10:35.000Z,New,,zhangluba96,96.4,CN,FIXED_PRICE,https://www.ebay.co.uk/itm/366248298089?_skw=iphone+13+pro+phone&hash=item5546198669:g:q4MAAeSwMjFpLv2M,2026-03-05T17:48:30.589915,iphone 13 pro phone,2026-03-05T17:48:30.589915,1,False,
v1|366248298096|636061045723,Protection Phone Case Cover TPU Shockproof Soft For iPhone15 14 13 12 Pro Max,Other,s,3.71,GBP,Free,False,,2026-03-05T16:10:35.000Z,New,,zhangluba96,96.4,CN,FIXED_PRICE,https://www.ebay.co.uk/itm/366248298096?_skw=iphone+13+pro+phone&hash=item5546198670:g:pMMAAeSwWlVpLvwU,2026-03-05T17:48:30.589945,iphone 13 pro phone,2026-03-05T17:48:30.589945,1,False,
v1|336464937062|545947525719,Personalised Phone Case For iPhone 16 14 Pro 13 11 12 15 17 Collage Photos Cover,Other,s,10.75,GBP,Free,False,,2026-03-05T15:38:33.000Z,New,,wonderinthebox88,99.6,GB,FIXED_PRICE,https://www.ebay.co.uk/itm/336464937062?_skw=iphone+13+pro+phone&hash=item4e56df8066:g:YMMAAeSwQQpppah0,2026-03-05T17:48:30.589981,iphone 13 pro phone,2026-03-05T17:48:30.589981,1,False,
v1|406739684610|0,15W Magnetic Car Phone Holder Wireless Charger For MagSafe iPhone15/14/13Pro Max,Other,M,10.89,GBP,Free,True,,2026-03-05T15:19:09.000Z,New,,bebettesti,99.6,GB,FIXED_PRICE,https://www.ebay.co.uk/itm/406739684610?_skw=iphone+13+pro+phone&hash=item5eb3930d02:g:5BYAAeSwwNlpqZ7g,2026-03-05T17:48:30.590009,iphone 13 pro phone,2026-03-05T17:48:30.590009,1,False,
v1|147186728101|445648227383,For iPhone 12 13 14 15 Pro Max 16 17 Camo Personalised Phone Case Silicone Cover,Other,M,7.84,GBP,Free,False,,2026-03-05T15:15:36.000Z,New,,uv_personalised,99.3,CN,FIXED_PRICE,https://www.ebay.co.uk/itm/147186728101?_skw=iphone+13+pro+phone&hash=item2245033ca5:g:V84AAeSws3lppQym,2026-03-05T17:48:30.590041,iphone 13 pro phone,2026-03-05T17:48:30.590041,1,False,
v1|366248170126|636061012250,Soft For iPhone Series 14 Plus 13 12 11 Pro/Max Phone Case Cover Silicone,Other,S,3.59,GBP,Free,False,,2026-03-05T15:11:07.000Z,New,,zhangluba96,96.4,CN,FIXED_PRICE,https://www.ebay.co.uk/itm/366248170126?_skw=iphone+13+pro+phone&hash=item554617928e:g:yHQAAeSwDu9pLukZ,2026-03-05T17:48:30.590065,iphone 13 pro phone,2026-03-05T17:48:30.590065,1,False,
v1|366248169511|636060952823,Oil Painting Brown Flowers Cover Phone Case For iPhone 15 14 13 12 11 Pro Max,Other,l,3.59,GBP,Free,False,,2026-03-05T15:10:51.000Z,New,,zhangluba96,96.4,CN,FIXED_PRICE,https://www.ebay.co.uk/itm/366248169511?_skw=iphone+13+pro+phone&hash=item5546179027:g:EHIAAeSwijNpLun4,2026-03-05T17:48:30.590089,iphone 13 pro phone,2026-03-05T17:48:30.590089,1,False,
v1|366248169523|636061038637,Longlong Wealth Duck Phone Case Cute Cover For iPhone 15 14 13 12 11 Pro Max,Other,L,3.59,GBP,Free,False,,2026-03-05T15:10:51.000Z,New,,zhangluba96,96.4,CN,FIXED_PRICE,https://www.ebay.co.uk/itm/366248169523?_skw=iphone+13+pro+phone&hash=item5546179033:g:CaIAAeSwuEVpLuif,2026-03-05T17:48:30.590116,iphone 13 pro phone,2026-03-05T17:48:30.590116,1,False,
v1|366248169464|636060841861,Shockproof Soft Phone Case Cover Protection TPU For iPhone15 14 13 12 Pro Max,Other,S,3.71,GBP,Free,False,,2026-03-05T15:10:50.000Z,New,,zhangluba96,96.4,CN,FIXED_PRICE,https://www.ebay.co.uk/itm/366248169464?_skw=iphone+13+pro+phone&hash=item5546178ff8:g:Z1kAAeSw6whpLvLm,2026-03-05T17:48:30.590140,iphone 13 pro phone,2026-03-05T17:48:30.590140,1,False,
v1|366248169478|636061010301,For iPhone 15 14 13 12 11 Pro Max Cute Longlong Wealth Duck Cover Phone Case,Other,M,3.59,GBP,Free,False,,2026-03-05T15:10:50.000Z,New,,zhangluba96,96.4,CN,FIXED_PRICE,https://www.ebay.co.uk/itm/366248169478?_skw=iphone+13+pro+phone&hash=item5546179006:g:v7kAAeSwuW1pLuBw,2026-03-05T17:48:30.590174,iphone 13 pro phone,2026-03-05T17:48:30.590174,1,False,
v1|366248169425|636060942478,Cover Mi Bai Celebrates Wealth Phone Case For iPhone 15 14 13 12 11 Pro Max X/XS,Other,M,3.59,GBP,Free,False,,2026-03-05T15:10:49.000Z,New,,zhangluba96,96.4,CN,FIXED_PRICE,https://www.ebay.co.uk/itm/366248169425?_skw=iphone+13+pro+phone&hash=item5546178fd1:g:4K0AAeSwgnRpLu2m,2026-03-05T17:48:30.590201,iphone 13 pro phone,2026-03-05T17:48:30.590201,1,False,
v1|366248169390|636060900607,Soft TPU Phone Case Cover Shockproof Red Black For iPhone15 14 13 12 Pro Max,Other,S,3.59,GBP,Free,False,,2026-03-05T15:10:48.000Z,New,,zhangluba96,96.4,CN,FIXED_PRICE,https://www.ebay.co.uk/itm/366248169390?_skw=iphone+13+pro+phone&hash=item5546178fae:g:mjsAAeSwAo1pLufj,2026-03-05T17:48:30.590224,iphone 13 pro phone,2026-03-05T17:48:30.590224,1,False,
v1|366248169307|636060912748,Cover Cute Cooking Small Toast For iPhone 15 14 13 12 11 Pro Max Soft Phone Case,Other,S,3.59,GBP,Free,False,,2026-03-05T15:10:45.000Z,New,,zhangluba96,96.4,CN,FIXED_PRICE,https://www.ebay.co.uk/itm/366248169307?_skw=iphone+13+pro+phone&hash=item5546178f5b:g:bWUAAeSwRPRpLt2C,2026-03-05T17:48:30.590254,iphone 13 pro phone,2026-03-05T17:48:30.590254,1,False,
v1|366248169226|636060910568,Phone Case Cover Good Luck Protection Shockproof For iPhone15 14 13 12 Pro Max,Other,s,3.59,GBP,Free,False,,2026-03-05T15:10:43.000Z,New,,zhangluba96,96.4,CN,FIXED_PRICE,https://www.ebay.co.uk/itm/366248169226?_skw=iphone+13+pro+phone&hash=item5546178f0a:g:SsAAAeSw7ltpLu1I,2026-03-05T17:48:30.590282,iphone 13 pro phone,2026-03-05T17:48:30.590282,1,False,
v1|366248169200|636060929568,For iPhone 15 14 13 12 11 Pro/Max Phone Case Cover TPU Back Big Face Spotted Dog,Other,M,3.59,GBP,Free,False,,2026-03-05T15:10:42.000Z,New,,zhangluba96,96.4,CN,FIXED_PRICE,https://www.ebay.co.uk/itm/366248169200?_skw=iphone+13+pro+phone&hash=item5546178ef0:g:i30AAeSwzltpLuhu,2026-03-05T17:48:30.590316,iphone 13 pro phone,2026-03-05T17:48:30.590316,1,False,
v1|366248169157|636060941821,TPU Phone Case Cover Shockproof Red Black Protect For iPhone15 14 13 12 Pro Max,Other,s,3.59,GBP,Free,False,,2026-03-05T15:10:41.000Z,New,,zhangluba96,96.4,CN,FIXED_PRICE,https://www.ebay.co.uk/itm/366248169157?_skw=iphone+13+pro+phone&hash=item5546178ec5:g:8u8AAeSwrs5pLuTX,2026-03-05T17:48:30.590343,iphone 13 pro phone,2026-03-05T17:48:30.590343,1,False,
v1|366248169152|636061018886,Shockproof For iPhone15 14 13 12 11 Pro Max Cover Soft Berry Red Phone Case,Other,S,3.59,GBP,Free,False,,2026-03-05T15:10:41.000Z,New,,zhangluba96,96.4,CN,FIXED_PRICE,https://www.ebay.co.uk/itm/366248169152?_skw=iphone+13+pro+phone&hash=item5546178ec0:g:KhkAAeSwS31pLuiC,2026-03-05T17:48:30.590368,iphone 13 pro phone,2026-03-05T17:48:30.590368,1,False,
v1|366248169097|636060933028,Red Black Silicone Soft Phone Case Cover For iPhone15 14 13 12 11 Pro Max,Other,l,3.71,GBP,Free,False,,2026-03-05T15:10:40.000Z,New,,zhangluba96,96.4,CN,FIXED_PRICE,https://www.ebay.co.uk/itm/366248169097?_skw=iphone+13+pro+phone&hash=item5546178e89:g:XsIAAeSwieNpLvcj,2026-03-05T17:48:30.590394,iphone 13 pro phone,2026-03-05T17:48:30.590394,1,False,
v1|366248169052|636060958512,Cute Panda For iPhone 15 14 13 12 11 Pro Max Shockproof Phone Case Cover Back,Other,M,3.68,GBP,Free,False,,2026-03-05T15:10:40.000Z,New,,zhangluba96,96.4,CN,FIXED_PRICE,https://www.ebay.co.uk/itm/366248169052?_skw=iphone+13+pro+phone&hash=item5546178e5c:g:gR4AAeSwevZpLu~5,2026-03-05T17:48:30.590430,iphone 13 pro phone,2026-03-05T17:48:30.590430,1,False,
v1|366248169056|636060980791,Silicone TPU Phone Case Cover Red Shockproof For iPhone15 14 13 12 11 Pro Max,Other,S,3.71,GBP,Free,False,,2026-03-05T15:10:40.000Z,New,,zhangluba96,96.4,CN,FIXED_PRICE,https://www.ebay.co.uk/itm/366248169056?_skw=iphone+13+pro+phone&hash=item5546178e60:g:edoAAeSwuWVpLvWo,2026-03-05T17:48:30.590470,iphone 13 pro phone,2026-03-05T17:48:30.590470,1,False,
v1|366248168948|636061023447,Wealth Lucky Silicone Phone Case Cover For iPhone15 14 13 12 11 Pro Max,Other,l,3.59,GBP,Free,False,,2026-03-05T15:10:39.000Z,New,,zhangluba96,96.4,CN,FIXED_PRICE,https://www.ebay.co.uk/itm/366248168948?_skw=iphone+13+pro+phone&hash=item5546178df4:g:UcwAAeSwF0RpLupb,2026-03-05T17:48:30.590495,iphone 13 pro phone,2026-03-05T17:48:30.590495,1,False,
v1|366248168903|636060993556,For iPhone 15 14 13 12 11 Pro Max Phone Case Black Blue Night Rose Cover Soft,Other,M,3.59,GBP,Free,False,,2026-03-05T15:10:38.000Z,New,,zhangluba96,96.4,CN,FIXED_PRICE,https://www.ebay.co.uk/itm/366248168903?_skw=iphone+13+pro+phone&hash=item5546178dc7:g:DYcAAeSw8r5pLuSn,2026-03-05T17:48:30.590536,iphone 13 pro phone,2026-03-05T17:48:30.590536,1,False,
v1|366248168949|636061016159,Shockproof Phone Case Cover Soft White Flowers For iPhone15 14 13 12 11 Pro Max,Other,S,3.71,GBP,Free,False,,2026-03-05T15:10:38.000Z,New,,zhangluba96,96.4,CN,FIXED_PRICE,https://www.ebay.co.uk/itm/366248168949?_skw=iphone+13+pro+phone&hash=item5546178df5:g:eOkAAeSwN2RpLvQC,2026-03-05T17:48:30.590566,iphone 13 pro phone,2026-03-05T17:48:30.590566,1,False,
v1|366248168882|636060903093,Silicone For iPhone 15 14 13 12 11 Pro Max Shockproof Cute Back Phone Case Cover,Other,S,3.71,GBP,Free,False,,2026-03-05T15:10:37.000Z,New,,zhangluba96,96.4,CN,FIXED_PRICE,https://www.ebay.co.uk/itm/366248168882?_skw=iphone+13+pro+phone&hash=item5546178db2:g:INQAAeSwSY9pLvGc,2026-03-05T17:48:30.590590,iphone 13 pro phone,2026-03-05T17:48:30.590590,1,False,
v1|366248168779|636060824577,For iPhone15 14 13 12 11 Pro Max Phone Case Cover Starlight Decorative Tree,Other,M,3.59,GBP,Free,False,,2026-03-05T15:10:36.000Z,New,,zhangluba96,96.4,CN,FIXED_PRICE,https://www.ebay.co.uk/itm/366248168779?_skw=iphone+13+pro+phone&hash=item5546178d4b:g:TNIAAeSwfMdpLuPr,2026-03-05T17:48:30.590624,iphone 13 pro phone,2026-03-05T17:48:30.590624,1,False,
v1|366248168794|636060975604,Protection TPU Phone Case Cover Shockproof Stars For iPhone15 14 13 12 Pro Max,Other,s,3.59,GBP,Free,False,,2026-03-05T15:10:36.000Z,New,,zhangluba96,96.4,CN,FIXED_PRICE,https://www.ebay.co.uk/itm/366248168794?_skw=iphone+13+pro+phone&hash=item5546178d5a:g:BpMAAeSw0ShpLucL,2026-03-05T17:48:30.590654,iphone 13 pro phone,2026-03-05T17:48:30.590654,1,False,
v1|366248168802|636060986933,Phone Case Mi Bai Celebrates Wealth Cover For iPhone 15 14 13 12 11 Pro Max X/XS,Other,s,3.59,GBP,Free,False,,2026-03-05T15:10:36.000Z,New,,zhangluba96,96.4,CN,FIXED_PRICE,https://www.ebay.co.uk/itm/366248168802?_skw=iphone+13+pro+phone&hash=item5546178d62:g:zbsAAeSwkD9pLuDM,2026-03-05T17:48:30.590682,iphone 13 pro phone,2026-03-05T17:48:30.590682,1,False,
v1|366248168777|636061005187,Phone Case Cover Shockproof Wealth Lucky Soft For iPhone15 14 13 12 11 Pro Max,Other,s,3.59,GBP,Free,False,,2026-03-05T15:10:35.000Z,New,,zhangluba96,96.4,CN,FIXED_PRICE,https://www.ebay.co.uk/itm/366248168777?_skw=iphone+13+pro+phone&hash=item5546178d49:g:wnAAAeSw0gVpLuD-,2026-03-05T17:48:30.590709,iphone 13 pro phone,2026-03-05T17:48:30.590709,1,False,
v1|366248168735|636060901834,Phone Case Shockproof Cover Soft Berry Red For iPhone15 14 13 12 11 Pro Max,Other,s,3.59,GBP,Free,False,,2026-03-05T15:10:34.000Z,New,,zhangluba96,96.4,CN,FIXED_PRICE,https://www.ebay.co.uk/itm/366248168735?_skw=iphone+13+pro+phone&hash=item5546178d1f:g:yssAAeSwE3hpLtzx,2026-03-05T17:48:30.590735,iphone 13 pro phone,2026-03-05T17:48:30.590735,1,False,
v1|366248168710|636060909871,Anti Scratch For iPhone 15 14 13 12 11 Pro Max Pink Bow Phone Case Cover,Other,S,3.59,GBP,Free,False,,2026-03-05T15:10:34.000Z,New,,zhangluba96,96.4,CN,FIXED_PRICE,https://www.ebay.co.uk/itm/366248168710?_skw=iphone+13+pro+phone&hash=item5546178d06:g:AXsAAeSwawlpLult,2026-03-05T17:48:30.590762,iphone 13 pro phone,2026-03-05T17:48:30.590762,1,False,
v1|366248168737|636061009421,Berry Red Cover For iPhone15 14 13 12 11 Pro Max Shockproof Soft Phone Case,Other,M,3.62,GBP,Free,False,,2026-03-05T15:10:34.000Z,New,,zhangluba96,96.4,CN,FIXED_PRICE,https://www.ebay.co.uk/itm/366248168737?_skw=iphone+13+pro+phone&hash=item5546178d21:g:GboAAeSwlaJpLu2S,2026-03-05T17:48:30.590798,iphone 13 pro phone,2026-03-05T17:48:30.590798,1,False,
v1|168207814348|467773374961,Case For iPhone 16 15 14 Pro Max Plus 13 11 12 7 8 Clear Cover Shockproof Phone,Other,s,3.99,GBP,Free,False,,2026-03-05T15:08:51.000Z,New,,bravo7-0,99.0,GB,FIXED_PRICE,https://www.ebay.co.uk/itm/168207814348?_skw=iphone+13+pro+phone&hash=item2729f78ecc:g:8IwAAeSw59dpqZuc,2026-03-05T17:48:30.590824,iphone 13 pro phone,2026-03-05T17:48:30.590824,1,False,
v1|198157516832|497312385881,For iPhone 17 Pro Max 16 15 14 13 12 11 Fashionable Luxury Shockproof Phone Case,Other,M,19.19,GBP,Free,False,,2026-03-05T15:08:46.000Z,New,,dwsnijdfhn-1,95.7,CN,FIXED_PRICE,https://www.ebay.co.uk/itm/198157516832?_skw=iphone+13+pro+phone&hash=item2e231bc020:g:dUoAAeSw9ehpdGf4,2026-03-05T17:48:30.590854,iphone 13 pro phone,2026-03-05T17:48:30.590854,1,False,
v1|198157516687|497312288721,NEW Phone Case Luxury Shockproof Cover for iPhone 17 16 15 14 13 12 Pro Max,Other,s,9.32,GBP,Free,False,,2026-03-05T15:08:45.000Z,New,,dwsnijdfhn-1,95.7,CN,FIXED_PRICE,https://www.ebay.co.uk/itm/198157516687?_skw=iphone+13+pro+phone&hash=item2e231bbf8f:g:hXQAAeSweVlpS6NB,2026-03-05T17:48:30.590883,iphone 13 pro phone,2026-03-05T17:48:30.590883,1,False,
v1|198157516710|497312355430,Flip Leather Wallet Cover For iphone 17 Pro Max 16 15 14 13 12 Luxury Phone Case,Leather,l,20.39,GBP,Free,False,,2026-03-05T15:08:45.000Z,New,,dwsnijdfhn-1,95.7,CN,FIXED_PRICE,https://www.ebay.co.uk/itm/198157516710?_skw=iphone+13+pro+phone&hash=item2e231bbfa6:g:VbAAAeSwx8ho760C,2026-03-05T17:48:30.590899,iphone 13 pro phone,2026-03-05T17:48:30.590899,1,False,
v1|198157516675|497312499804,iPhone 17 16 15 14 13 12 Pro Max Plus Brand design luxury shockproof phone case,Other,M,17.76,GBP,Free,False,,2026-03-05T15:08:45.000Z,New,,dwsnijdfhn-1,95.7,CN,FIXED_PRICE,https://www.ebay.co.uk/itm/198157516675?_skw=iphone+13+pro+phone&hash=item2e231bbf83:g:8x8AAOSwWrdoTXvC,2026-03-05T17:48:30.590934,iphone 13 pro phone,2026-03-05T17:48:30.590934,1,False,
v1|397678717711|666013807142,Butterfly Printed For iPhone 17 Pro 16 15 Plus 13 14 Air Phone Case Laser Cover,Other,l,9.56,GBP,Free,False,,2026-03-05T15:08:33.000Z,New,,topchoiceseller01,99.7,GB,FIXED_PRICE,https://www.ebay.co.uk/itm/397678717711?_skw=iphone+13+pro+phone&hash=item5c977fab0f:g:dMwAAeSwnKtpcZRm,2026-03-05T17:48:30.590961,iphone 13 pro phone,2026-03-05T17:48:30.590961,1,False,
v1|406739654733|676977650403,NEW Phone Case Luxury Shockproof Cover for iPhone 17 16 15 14 13 12 Pro Max,Other,s,9.32,GBP,Free,False,,2026-03-05T15:05:11.000Z,New,,szdyjw,94.7,CN,FIXED_PRICE,https://www.ebay.co.uk/itm/406739654733?_skw=iphone+13+pro+phone&hash=item5eb392984d:g:hXQAAeSweVlpS6NB,2026-03-05T17:48:30.590990,iphone 13 pro phone,2026-03-05T17:48:30.590990,1,False,
v1|406739654675|676977607912,iPhone 17 16 15 14 13 12 Pro Max Plus Brand design luxury shockproof phone case,Other,M,17.76,GBP,Free,False,,2026-03-05T15:05:09.000Z,New,,szdyjw,94.7,CN,FIXED_PRICE,https://www.ebay.co.uk/itm/406739654675?_skw=iphone+13+pro+phone&hash=item5eb3929813:g:8x8AAOSwWrdoTXvC,2026-03-05T17:48:30.591021,iphone 13 pro phone,2026-03-05T17:48:30.591021,1,False,
v1|406739654669|676977682730,Flip Leather Wallet Cover For iphone 17 Pro Max 16 15 14 13 12 Luxury Phone Case,Leather,l,20.39,GBP,Free,False,,2026-03-05T15:05:09.000Z,New,,szdyjw,94.7,CN,FIXED_PRICE,https://www.ebay.co.uk/itm/406739654669?_skw=iphone+13+pro+phone&hash=item5eb392980d:g:VbAAAeSwx8ho760C,2026-03-05T17:48:30.591037,iphone 13 pro phone,2026-03-05T17:48:30.591037,1,False,
v1|406739654678|676977727015,For iPhone 17 Pro Max 16 15 14 13 12 11 Fashionable Luxury Shockproof Phone Case,Other,M,19.19,GBP,Free,False,,2026-03-05T15:05:09.000Z,New,,szdyjw,94.7,CN,FIXED_PRICE,https://www.ebay.co.uk/itm/406739654678?_skw=iphone+13+pro+phone&hash=item5eb3929816:g:dUoAAeSw9ehpdGf4,2026-03-05T17:48:30.591066,iphone 13 pro phone,2026-03-05T17:48:30.591066,1,False,
v1|397678702897|666013636630,Phone Case For iPhone 17 Pro Max 16 15 14 13 12 Card Slot Girly Bow TPU Cover,Other,s,5.27,GBP,Free,False,,2026-03-05T15:02:54.000Z,New,,bestlo-34,99.3,CN,FIXED_PRICE,https://www.ebay.co.uk/itm/397678702897?_skw=iphone+13+pro+phone&hash=item5c977f7131:g:4owAAeSw3nxppUnb,2026-03-05T17:48:30.591093,iphone 13 pro phone,2026-03-05T17:48:30.591093,1,False,
v1|137097379054|0,Star Wars Phone Case - Storm Trooper - iPhone 13 Pro,Other,S,4.99,GBP,Free,True,,2026-03-05T14:54:55.000Z,New,,tsbitsnbobs,100.0,GB,FIXED_PRICE,https://www.ebay.co.uk/itm/137097379054?_skw=iphone+13+pro+phone&hash=item1feba3fcee:g:KBUAAOSwzHFnSHty,2026-03-05T17:48:30.591118,iphone 13 pro phone,2026-03-05T17:48:30.591118,1,False,
v1|236670452614|537173444924,Phone Case For Apple iPhone 13 Pro Max Cover Protective Bag New,Other,s,10.86,GBP,£6.32,False,,2026-03-05T14:53:32.000Z,New,,koenig-design-de,99.3,DE,FIXED_PRICE,https://www.ebay.co.uk/itm/236670452614?_skw=iphone+13+pro+phone&hash=item371aa88386:g:0IUAAOSwcnNn1AiH,2026-03-05T17:48:30.591152,iphone 13 pro phone,2026-03-05T17:48:30.591152,1,False,
v1|236670452438|537173587511,Protective Cover for Apple iPhone 13 Pro Max Mobile Phone Case Protection Wallet,Other,l,11.78,GBP,£6.32,False,,2026-03-05T14:53:19.000Z,New,,koenig-design-de,99.3,DE,FIXED_PRICE,https://www.ebay.co.uk/itm/236670452438?_skw=iphone+13+pro+phone&hash=item371aa882d6:g:qZIAAOSwF1pn1Ce3,2026-03-05T17:48:30.591187,iphone 13 pro phone,2026-03-05T17:48:30.591187,1,False,
v1|336464875487|0,Phone Case Protection For Apple iPhone 13 Pro Max Cover Bag Transparent New,Other,s,8.3,GBP,£6.49,False,,2026-03-05T14:53:06.000Z,New,,koenig-design-de,99.3,DE,FIXED_PRICE,https://www.ebay.co.uk/itm/336464875487?_skw=iphone+13+pro+phone&hash=item4e56de8fdf:g:sgQAAOSwfs1n2IWU,2026-03-05T17:48:30.591218,iphone 13 pro phone,2026-03-05T17:48:30.591218,1,False,
v1|317958305558|0,Case For iPhone 16 15 14 Pro Max Plus 13 11 12 7 8 Clear Cover Shockproof Phone,Other,s,8.18,GBP,£2.94,True,,2026-03-05T14:43:19.000Z,New,,distinctessentials,0.0,GB,FIXED_PRICE,https://www.ebay.co.uk/itm/317958305558?_skw=iphone+13+pro+phone&hash=item4a07cab716:g:lokAAeSw0x1pqZUO,2026-03-05T17:48:30.591244,iphone 13 pro phone,2026-03-05T17:48:30.591244,1,False,
v1|336464857031|545947537844,Collage Photo Personalised Cover For iPhone 17 Pro Max 13 12 14 15 16 Phone Case,Other,l,10.75,GBP,Free,False,,2026-03-05T14:39:04.000Z,New,,wonderinthebox88,99.6,GB,FIXED_PRICE,https://www.ebay.co.uk/itm/336464857031?_skw=iphone+13+pro+phone&hash=item4e56de47c7:g:aM4AAeSwl91pc1hV,2026-03-05T17:48:30.591269,iphone 13 pro phone,2026-03-05T17:48:30.591269,1,False,
v1|198157403196|497312466235,Shockproof Magnetic Magsafe Phone Case For iPhone 17 16 15 14 13 12 Pro Max Plus,Other,S,3.93,GBP,Free,False,,2026-03-05T14:10:10.000Z,New,,azadeen_ltd,99.5,GB,FIXED_PRICE,https://www.ebay.co.uk/itm/198157403196?_skw=iphone+13+pro+phone&hash=item2e231a043c:g:HOwAAeSwIQVpqYtj,2026-03-05T17:48:30.591294,iphone 13 pro phone,2026-03-05T17:48:30.591294,1,False,
v1|397678542311|666013648101,Hard PC Cover For iPhone 17 14 15 13 16 Pro Max 12 Butterfly Pattern Phone Case,Other,M,9.56,GBP,Free,False,,2026-03-05T14:08:32.000Z,New,,topchoiceseller01,99.7,GB,FIXED_PRICE,https://www.ebay.co.uk/itm/397678542311?_skw=iphone+13+pro+phone&hash=item5c977cfde7:g:NY0AAeSwthBpcZCP,2026-03-05T17:48:30.591357,iphone 13 pro phone,2026-03-05T17:48:30.591357,1,False,
v1|298091611219|595193505166,For iPhone 17 16e 15 14 Pro Max 13 12 Lovely Dinosaurs Silicone Case Phone Cover,Other,M,9.49,GBP,Free,False,,2026-03-05T13:42:32.000Z,New,,earlybirdseller,99.8,GB,FIXED_PRICE,https://www.ebay.co.uk/itm/298091611219?_skw=iphone+13+pro+phone&hash=item4567a50453:g:aB0AAeSwu8Rpp~AI,2026-03-05T17:48:30.591390,iphone 13 pro phone,2026-03-05T17:48:30.591390,1,False,
v1|336464781179|545947463304,Custom Photo Cover Shockproof TPU + PET Phone Case For iPhone 16e 11 12 14 15 17,Other,s,10.58,GBP,Free,False,,2026-03-05T13:38:32.000Z,New,,wonderinthebox88,99.6,GB,FIXED_PRICE,https://www.ebay.co.uk/itm/336464781179?_skw=iphone+13+pro+phone&hash=item4e56dd1f7b:g:XrEAAeSw1u1pc1hx,2026-03-05T17:48:30.591415,iphone 13 pro phone,2026-03-05T17:48:30.591415,1,False,
v1|366247927281|636060840308,For iPhone 15 14 13 12 11 Pro Max Soft Cute Phone Case Cooking Small Toast Cover,Other,M,3.59,GBP,Free,False,,2026-03-05T13:10:27.000Z,New,,zhangluba96,96.4,CN,FIXED_PRICE,https://www.ebay.co.uk/itm/366247927281?_skw=iphone+13+pro+phone&hash=item554613ddf1:g:lhIAAeSwYfhpLtqQ,2026-03-05T17:48:30.591461,iphone 13 pro phone,2026-03-05T17:48:30.591461,1,False,
v1|366247927288|636060872124,Phone Case Cover Anti Scratch Colorful Silver For iPhone 14 13 12 11 Pro Max,Other,s,3.59,GBP,Free,False,,2026-03-05T13:10:27.000Z,New,,zhangluba96,96.4,CN,FIXED_PRICE,https://www.ebay.co.uk/itm/366247927288?_skw=iphone+13+pro+phone&hash=item554613ddf8:g:Q4UAAeSwLHNpLtP4,2026-03-05T17:48:30.591487,iphone 13 pro phone,2026-03-05T17:48:30.591487,1,False,
v1|366247927255|636060691054,For iPhone 15 14 Plus 13 12 11 Pro/Max Back Phone Case Cover Elegant Rose TPU,Other,l,3.47,GBP,Free,False,,2026-03-05T13:10:26.000Z,New,,zhangluba96,96.4,CN,FIXED_PRICE,https://www.ebay.co.uk/itm/366247927255?_skw=iphone+13+pro+phone&hash=item554613ddd7:g:590AAeSwCQBpLs79,2026-03-05T17:48:30.591516,iphone 13 pro phone,2026-03-05T17:48:30.591516,1,False,
v1|366247927161|636060720777,Phone Case Cover Shockproof Protection Good Luck For iPhone15 14 13 12 Pro Max,Other,s,3.59,GBP,Free,False,,2026-03-05T13:10:24.000Z,New,,zhangluba96,96.4,CN,FIXED_PRICE,https://www.ebay.co.uk/itm/366247927161?_skw=iphone+13+pro+phone&hash=item554613dd79:g:pYwAAeSwRohpLtdA,2026-03-05T17:48:30.591557,iphone 13 pro phone,2026-03-05T17:48:30.591557,1,False,
v1|366247927194|636060781026,Back Elegant Rose TPU For iPhone 15 14 Plus 13 12 11 Pro/Max Phone Case Cover,Other,l,3.47,GBP,Free,False,,2026-03-05T13:10:24.000Z,New,,zhangluba96,96.4,CN,FIXED_PRICE,https://www.ebay.co.uk/itm/366247927194?_skw=iphone+13+pro+phone&hash=item554613dd9a:g:K~cAAeSwrX9pLtQh,2026-03-05T17:48:30.591666,iphone 13 pro phone,2026-03-05T17:48:30.591666,1,False,
v1|366247927190|636060798266,Cover For iPhone 15 14 13 12 11 Pro Max Phone Case Black Blue Night Rose Soft,Other,M,3.59,GBP,Free,False,,2026-03-05T13:10:24.000Z,New,,zhangluba96,96.4,CN,FIXED_PRICE,https://www.ebay.co.uk/itm/366247927190?_skw=iphone+13+pro+phone&hash=item554613dd96:g:KYcAAeSwwWFpLtjn,2026-03-05T17:48:30.591730,iphone 13 pro phone,2026-03-05T17:48:30.591730,1,False,
v1|366247927169|636060850282,Silicone For iPhone Series 14 Plus 13 12 11 Pro/Max Phone Case Cover Soft,Other,S,3.59,GBP,Free,False,,2026-03-05T13:10:24.000Z,New,,zhangluba96,96.4,CN,FIXED_PRICE,https://www.ebay.co.uk/itm/366247927169?_skw=iphone+13+pro+phone&hash=item554613dd81:g:0GsAAeSw7ltpLtiT,2026-03-05T17:48:30.591758,iphone 13 pro phone,2026-03-05T17:48:30.591758,1,False,
v1|397678361756|666013495256,IMD Process Phone Case Cover For iPhone 16 17 Pro 14 15 Plus Air Adorable Animal,Other,M,9.55,GBP,Free,False,,2026-03-05T13:08:33.000Z,New,,topchoiceseller01,99.7,GB,FIXED_PRICE,https://www.ebay.co.uk/itm/397678361756?_skw=iphone+13+pro+phone&hash=item5c977a3c9c:g:v1YAAeSwkzdpcG2M,2026-03-05T17:48:30.591783,iphone 13 pro phone,2026-03-05T17:48:30.591783,1,False,
v1|366247777492|636060633086,Protection Phone Case Cover Shockproof TPU Soft For iPhone15 14 13 12 Pro Max,Other,s,3.35,GBP,Free,False,,2026-03-05T12:10:49.000Z,New,,zhangluba96,96.4,CN,FIXED_PRICE,https://www.ebay.co.uk/itm/366247777492?_skw=iphone+13+pro+phone&hash=item55461194d4:g:zr0AAeSwE6dpLsUV,2026-03-05T17:48:30.591811,iphone 13 pro phone,2026-03-05T17:48:30.591811,1,False,
v1|366247776456|636060714397,Make Fortune/Wealthy Phone Case Cover Shockproof For iPhone15 14 13 12 Pro Max,Other,M,3.35,GBP,Free,False,,2026-03-05T12:10:34.000Z,New,,zhangluba96,96.4,CN,FIXED_PRICE,https://www.ebay.co.uk/itm/366247776456?_skw=iphone+13+pro+phone&hash=item55461190c8:g:NFcAAeSweRNpLsgG,2026-03-05T17:48:30.591835,iphone 13 pro phone,2026-03-05T17:48:30.591835,1,False,
v1|366247776376|636060651075,TPU Phone Case Cover Protection Black Shockproof For iPhone15 14 13 12 Pro Max,Other,s,3.35,GBP,Free,False,,2026-03-05T12:10:32.000Z,New,,zhangluba96,96.4,CN,FIXED_PRICE,https://www.ebay.co.uk/itm/366247776376?_skw=iphone+13+pro+phone&hash=item5546119078:g:0B0AAeSwIl9pLsZd,2026-03-05T17:48:30.591862,iphone 13 pro phone,2026-03-05T17:48:30.591862,1,False,
v1|366247776287|636060696434,Shockproof Phone Case Cover TPU Soft Protection For iPhone15 14 13 12 Pro Max,Other,S,3.35,GBP,Free,False,,2026-03-05T12:10:31.000Z,New,,zhangluba96,96.4,CN,FIXED_PRICE,https://www.ebay.co.uk/itm/366247776287?_skw=iphone+13+pro+phone&hash=item554611901f:g:RW4AAeSwQHFpLsqW,2026-03-05T17:48:30.591885,iphone 13 pro phone,2026-03-05T17:48:30.591885,1,False,
v1|366247776225|636060726184,Shockproof Good Luck Phone Case Cover Protection For iPhone15 14 13 12 Pro Max,Other,S,3.35,GBP,Free,False,,2026-03-05T12:10:30.000Z,New,,zhangluba96,96.4,CN,FIXED_PRICE,https://www.ebay.co.uk/itm/366247776225?_skw=iphone+13+pro+phone&hash=item5546118fe1:g:mn8AAeSwT0JpLsVG,2026-03-05T17:48:30.591908,iphone 13 pro phone,2026-03-05T17:48:30.591908,1,False,
v1|366247775898|636060640285,Black Soft Shockproof Phone Case Cover Protection For iPhone15 14 13 12 Pro Max,Other,l,3.35,GBP,Free,False,,2026-03-05T12:10:27.000Z,New,,zhangluba96,96.4,CN,FIXED_PRICE,https://www.ebay.co.uk/itm/366247775898?_skw=iphone+13+pro+phone&hash=item5546118e9a:g:LTkAAeSwabBpLsRX,2026-03-05T17:48:30.591931,iphone 13 pro phone,2026-03-05T17:48:30.591931,1,False,
v1|366247775854|636060600069,Good Luck Phone Case Cover Protection Shockproof For iPhone15 14 13 12 Pro Max,Other,L,3.35,GBP,Free,False,,2026-03-05T12:10:26.000Z,New,,zhangluba96,96.4,CN,FIXED_PRICE,https://www.ebay.co.uk/itm/366247775854?_skw=iphone+13+pro+phone&hash=item5546118e6e:g:8cYAAeSw5O1pLsel,2026-03-05T17:48:30.591955,iphone 13 pro phone,2026-03-05T17:48:30.591955,1,False,
v1|406739199905|676977346787,Case For iPhone 17 16 15 14ProMax 13 12 11 Ethnic Style +Ring Holder Phone Cover,Other,s,8.15,GBP,Free,False,,2026-03-05T12:01:03.000Z,New,,flash0513,99.2,CN,FIXED_PRICE,https://www.ebay.co.uk/itm/406739199905?_skw=iphone+13+pro+phone&hash=item5eb38ba7a1:g:aZQAAeSwulFppqKp,2026-03-05T17:48:30.591978,iphone 13 pro phone,2026-03-05T17:48:30.591978,1,False,
v1|366247660368|636060429775,Large Lens Phone Case Cover Silicone Back For iPhone 15 14 13 12 11 Pro Max,Other,L,3.23,GBP,Free,False,,2026-03-05T11:10:49.000Z,New,,zhangluba96,96.4,CN,FIXED_PRICE,https://www.ebay.co.uk/itm/366247660368?_skw=iphone+13+pro+phone&hash=item55460fcb50:g:KCMAAeSw6g5pLsBW,2026-03-05T17:48:30.592001,iphone 13 pro phone,2026-03-05T17:48:30.592001,1,False,
v1|366247660334|636060472047,Phone Case Cover TPU Black Cat Protect For iPhone15 Plus 14 13 12 11 Pro Max,Other,s,3.23,GBP,Free,False,,2026-03-05T11:10:48.000Z,New,,zhangluba96,96.4,CN,FIXED_PRICE,https://www.ebay.co.uk/itm/366247660334?_skw=iphone+13+pro+phone&hash=item55460fcb2e:g:-YoAAeSwSj9pLr~z,2026-03-05T17:48:30.592026,iphone 13 pro phone,2026-03-05T17:48:30.592026,1,False,
v1|366247660260|636060549175,Clear Soft Shockproof Rich Phone Case Cover For iPhone15 14 13 12 Pro Max,Other,l,3.23,GBP,Free,False,,2026-03-05T11:10:46.000Z,New,,zhangluba96,96.4,CN,FIXED_PRICE,https://www.ebay.co.uk/itm/366247660260?_skw=iphone+13+pro+phone&hash=item55460fcae4:g:BqoAAeSwR7JpLrsO,2026-03-05T17:48:30.592049,iphone 13 pro phone,2026-03-05T17:48:30.592049,1,False,
v1|366247660234|636060416802,Shockproof TPU Phone Case Cover Protection Soft For iPhone15 14 13 12 Pro Max,Other,S,3.35,GBP,Free,False,,2026-03-05T11:10:45.000Z,New,,zhangluba96,96.4,CN,FIXED_PRICE,https://www.ebay.co.uk/itm/366247660234?_skw=iphone+13+pro+phone&hash=item55460fcaca:g:DUEAAeSw5VFpLsNt,2026-03-05T17:48:30.592071,iphone 13 pro phone,2026-03-05T17:48:30.592071,1,False,
v1|366247660117|636060572376,Phone Case Cover Anti Scratch Silicone TPU For iPhone 14 13 12 11 Pro Max,Other,s,3.23,GBP,Free,False,,2026-03-05T11:10:42.000Z,New,,zhangluba96,96.4,CN,FIXED_PRICE,https://www.ebay.co.uk/itm/366247660117?_skw=iphone+13+pro+phone&hash=item55460fca55:g:pOoAAeSwOElpLrti,2026-03-05T17:48:30.592096,iphone 13 pro phone,2026-03-05T17:48:30.592096,1,False,
v1|366247659870|636060418044,TPU Phone Case Cover Shockproof Protect Red Dog For iPhone15 14 13 12 Pro Max,Other,s,3.23,GBP,Free,False,,2026-03-05T11:10:37.000Z,New,,zhangluba96,96.4,CN,FIXED_PRICE,https://www.ebay.co.uk/itm/366247659870?_skw=iphone+13+pro+phone&hash=item55460fc95e:g:~-wAAeSwKRlpLr9n,2026-03-05T17:48:30.592123,iphone 13 pro phone,2026-03-05T17:48:30.592123,1,False,
v1|366247659774|636060528706,Black Cat Protect Phone Case Cover For iPhone15 Plus 14 13 12 11 Pro Max,Other,l,3.23,GBP,Free,False,,2026-03-05T11:10:35.000Z,New,,zhangluba96,96.4,CN,FIXED_PRICE,https://www.ebay.co.uk/itm/366247659774?_skw=iphone+13+pro+phone&hash=item55460fc8fe:g:KWgAAeSwcxppLsAg,2026-03-05T17:48:30.592145,iphone 13 pro phone,2026-03-05T17:48:30.592145,1,False,
v1|366247659352|636060476299,Shockproof Phone Case Cover Make Fortune/Wealthy For iPhone15 14 13 12 Pro Max,Other,S,3.35,GBP,Free,False,,2026-03-05T11:10:26.000Z,New,,zhangluba96,96.4,CN,FIXED_PRICE,https://www.ebay.co.uk/itm/366247659352?_skw=iphone+13+pro+phone&hash=item55460fc758:g:Fq4AAeSwFaZpLsLh,2026-03-05T17:48:30.592168,iphone 13 pro phone,2026-03-05T17:48:30.592168,1,False,
