title,price,condition,date_sold,url
Shop on eBay,$20.00,Brand New,,https://ebay.com/itm/123456?itmmeta=012DEW30YG0MEEKND7NH&hash=item123546:g:acwAA9KNiJowH:sc:ShippingMethodStandard!95008!US!-1&itmprp=enc%3AbgepL1tlUHjMGCVfSTGJh%2BzsVKeJ3CQk7NizDI4BZeppuFnmyS6Ijyp8lh%2FnEw%2BWqO7uTV1Q6izE1R0T54aV8j71F4xlWfVcGft4%2FiOQhtqVXA1rW6M1atPARQRmhqUxtEPJKhKtSFgI%2Bvwlzb0GwVCtkp%3ABlBMUObkmabpYw
Shop on eBay,$20.00,Brand New,,https://ebay.com/itm/123456?itmmeta=012DEW30YG0MEEKND7NH&hash=item123546:g:acwAA9KNiJowH:sc:ShippingMethodStandard!95008!US!-1&itmprp=enc%3AbgepL1tlUHjMGCVfSTGJh%2BzsVKeJ3CQk7NizDI4BZeppuFnmyS6Ijyp8lh%2FnEw%2BWqO7uTV1Q6izE1R0T54aV8j71F4xlWfVcGft4%2FiOQhtqVXA1rW6M1atPARQRmhqUxtEPJKhKtSFgI%2Bvwlzb0GwVCtkp%3ABlBMUObkmabpYw
NEW LISTING,120.30,Pre-owned ·,Sold 9 Mar 2026,https://www.ebay.co.uk/itm/206120728988?_skw=YSL+wyatt+boots&itmmeta=01KK9TNV15KQSVMKJBQDJ85Y7A&hash=item2ffdc0b99c:g:1p4AAeSwDwJprbzj&itmprp=enc%3AAQALAAAA8GfYFPkwiKCW4ZNSs2u11xBf%2B1tGaQuo1n7XXxX8t88lWks4jJlBywAkkpm5spa2StGB%2BZSENfQ5cEq0ddn%2FVwCXMYlsU5D2Z2kPlbLwGIZNxea98k7u8hZJi%2FXCZr4dN4L58LznddLC%2B5Gk6AGmyXZrkziZ9DeXVqBkmw1Zwnqm9Ch2uTv6hLQ2GP3hqezE4Tz75Agfi44HJ67zTjUmha%2BDdcfaqHpTPRx6m0CjQh5GqzWSLMM7IRTq%2B7YI1ZeqT%2FZInzM6F5fLQjF4uWMq8DRkoWkAZJCfjj2yjFjRZaXrEGTUZPsb%2F5n0yc5P5N9fxw%3D%3D%7Ctkp%3ABk9SR-yw17qaZw
Saint Laurent Paris UK 12 US 13 EU 46 Wyatt Chelsea Boots SLP YSL Hedi Slimane,599.95,Brand new ·,Sold 8 Mar 2026,https://www.ebay.co.uk/itm/168157979276?_skw=YSL+wyatt+boots&itmmeta=01KK9TNV151ZDWR7JR6MESSGSC&hash=item2726ff228c:g:NAIAAeSwuGtpj6UB&itmprp=enc%3AAQALAAAA8GfYFPkwiKCW4ZNSs2u11xDV%2BYubd4r8QwiFG6BapmU3470M6OB76hwvGD60Glx7Dil5vTu9Sg9EDsMiClrA9cg4NsvGakUrVwNCHzY4hstQ05MutvBABGWeAB1tKgU2%2FrfRUFqE%2FzRCpx00%2BvAzsUo2eN9ykLJYIzWODNMzE080%2Ft8nfH4rX7oXdrNiWBp3jaJ6ONQTxYxRj%2FCL5t2FWQ6aEuuWVyzNMSTyGJ92ghlZvRBR7aZI7VkucoqHglJX5M3zzZV5vAMion23doH1qc5Nj7fD%2B6NOLy0vaxXGjJrkj0HB4AaNhtnHIcaX%2Fj%2BEIg%3D%3D%7Ctkp%3ABk9SR-6w17qaZw
Saint Laurent YSL Wyatt Harness Boots EU Size 41 RRP $1390,445.30,Pre-owned ·,Sold 26 Feb 2026,https://www.ebay.co.uk/itm/168182181079?_skw=YSL+wyatt+boots&itmmeta=01KK9TNV15258MK7NHWBD7X4HF&hash=item2728706cd7:g:ChUAAeSw~8dpnPrX&itmprp=enc%3AAQALAAAA8GfYFPkwiKCW4ZNSs2u11xByDFRuBLSQMknNaHopdvKQMTDGZXcvTQtAXLiVGGUugo4jDBUQRpxlQ6cBrPvKCtE7c0nBz4iZ7dZM2JpgU1tV070rZMH5OQizCqYVbpb6nXllow60xSXOS%2B9MEFaEexMGVkuazIMTJYI%2Fd9Rz7iax7ALO54XdAduKZrk83EiIHnbK2%2FUT5sKk8Vorn5IwB9gGQr791pk0y%2BwPwHzalLD7hs7LBSC7peEd9rkN2Jiw9p9wGhK7tmXRNsmi%2B4y%2Fcu2Mljk5Enflm4UaQjuK2wmiaOqT%2F9tkymuLrtpi38%2FTQA%3D%3D%7Ctkp%3ABk9SR-6w17qaZw
Saint Laurent Wyatt 30 Jodhpur Suede Boots Hedi Slimane Era YSL SLP Brown Tan,167.10,Pre-owned ·,Sold 1 Feb 2026,https://www.ebay.co.uk/itm/326600222602?_skw=YSL+wyatt+boots&itmmeta=01KK9TNV15ECQQTS913VEVW8VP&hash=item4c0ae3e78a:g:SsMAAeSwHWxoM2NE&itmprp=enc%3AAQALAAAA8GfYFPkwiKCW4ZNSs2u11xBwiGAOlaqJ7mcZ3uTmvQq5Gp4p7ThwVyVbnyQwm3NPCtyw8WjcMoOT%2BR%2FT85CBQZFTYL4nkZYKq1778%2B%2FfaC5Lra1laO2TmHVy5S74SuCaEslaPhQK%2BOIrYaBFFypxZokJzXj4nVKTlxBme6ydnaXqQSUyjPupeIadDPKXw3B1P%2BngmqBBLkg3%2FNgftFGn%2FAAg%2Bj9sTXnRe%2B8tzcqfL3a6ponpuwYE2feqOkzhDAf7cBAEtrx7dGgNI%2B%2FBdO62ycw0hSguQOdeYXnYha60jx33NB%2Fgao3A3VCyz6%2FO4pc17w%3D%3D%7Ctkp%3ABk9SR-6w17qaZw
Saint Laurent YSL Wyatt Harness Boots. US Size 43. $1390 Brand New!,409.60,Brand new ·,Sold 5 Jan 2026,https://www.ebay.co.uk/itm/177721860226?_skw=YSL+wyatt+boots&itmmeta=01KK9TNV15THXT1DFWX3KXRTB6&hash=item29610c6082:g:kdcAAOSwWkRnX6H5&itmprp=enc%3AAQALAAAA0GfYFPkwiKCW4ZNSs2u11xCyn5ToCwnPI7YADSKnKm6NctgtQCgMJzZwBWiQvSJwWu7SftzuYb5efnOb2LzA%2FK736um2cWRdszkwYT18CXwtSpsdLW%2FcMCqJ0q1xHAzVsPUCGJVqzBUAvWtjr5S89XhGYHwoJSPx%2BuR3aVHyXrOKkRSZyYLkR2ZgCXzlLQAwNQPI6hPFXMs5CXXzxqg0VI2yom2x8bQ%2Fe6nI1VkAkTnnaUjdVPLhaVEk4064jR%2FrM668WTb16hncJjeXQGdfUOw%3D%7Ctkp%3ABk9SR-6w17qaZw
Saint Laurent Wyatt Black Leather Chelsea Boots - Size U.K. 9 / EU 43 - RRP £905,550.00,New (other) ·,Sold 4 Mar 2026,https://www.ebay.co.uk/itm/277689466945?_skw=YSL+wyatt+boots&itmmeta=01KK9TNV15TCPKM6V7KH3D1RHX&hash=item40a7950041:g:2eQAAeSwOnFpfhkR&itmprp=enc%3AAQALAAAA0GfYFPkwiKCW4ZNSs2u11xCzmkJXVqaCO%2BlyDSrlexsIOjHpd6wVGOxGG81xy88g76cabOxnnZQbixeBNnqXZd0x%2BWHuKIzOSMRBZpR26XWWfQbCZfsFc3egKhPfVSHpverMHvW%2BQWU%2BbORSUM0825jj16Aio30biBQNqkahUldDxLG58YDovPyzRftqPtpRYNytf9411Op6hNw4%2B2OfIxGBFoTdwgpch39QunfLZ7SbELUBlUK0oX8IT0bY%2BScGWSVWWM8MsS4Ia5ePg%2F22mME%3D%7Ctkp%3ABk9SR-6w17qaZw
Saint Laurent Wyatt Black Leather Chelsea Boots - Size U.K. 9 / EU 43 - RRP £900,312.70,Pre-owned ·,Sold 24 Feb 2026,https://www.ebay.co.uk/itm/287161121484?_skw=YSL+wyatt+boots&itmmeta=01KK9TNV15QRACG68FWYNY9QJK&hash=item42dc22facc:g:kIgAAeSwLkhpnUbx&itmprp=enc%3AAQALAAAA0GfYFPkwiKCW4ZNSs2u11xCFbULwSmLJFrSGAQDE2ocHeUwFs%2FBF1sEmDeh6NHuLg04frVv11InOxTFnS3PMoOGmq532s6BhbidjEq1HF%2BeRt8Z2YvTg2NX9QK89luukKelsfegP7fH5ZdWFfJ%2BajGti6Prs8nuXMhr71ZIM8JC54w22q0eHd7V1BiX1QFb4wOjCpbvL7OKnUdXm2vnWg1Fu8Pvl3g0r3%2BogNOlzfpOVSL2vILclmQid7IXPrL5q%2BWBPj8uWY3bvE540alQGoEo%3D%7Ctkp%3ABk9SR-6w17qaZw
Saint Laurent - Wyatt 30 Chelsea Boots Suede - Sigaro - EU44/UK10/US11,299.00,Pre-owned ·,Sold 2 Feb 2026,https://www.ebay.co.uk/itm/336416308929?_skw=YSL+wyatt+boots&itmmeta=01KK9TNV153NCR6YHYA8ANR1PC&hash=item4e53f97ec1:g:e2AAAeSwSahpf4wn&itmprp=enc%3AAQALAAAA8GfYFPkwiKCW4ZNSs2u11xDnUsGMKHiOq9tocvq5Ve2l4LU8%2FV2EQxCYWCKha1MjQklkc40yhoGevq04qfdOVBC1SmE%2Fk%2BW7hzS7QZR3dX9rKC7D%2FwMAvPFytMbrxggJnOR6z3r4R53z5Z2xrZDTdwLu87fnzwNZ0SJrc25H1WNV%2B6dLR78YaFd8knzxI8OdX6%2Fu4gcZ29Jf%2BJgn4j9W0Ge%2BYN2DNwxt85xDpgnC7kujAF5qHCEk5HvoOilIVdEsnVAup524bDZkfj4wkvO9Zl9LMmotBvN4vUpcaZJCtcsVapBG8NvkQFImBXyWmiBzPA%3D%3D%7Ctkp%3ABk9SR-6w17qaZw
Saint Laurent Wyatt Suede Boots Beige UK 7 EU 41 & Box & Dustbag Luxury Footwear,312.69,Pre-owned ·,Sold 17 Feb 2026,https://www.ebay.co.uk/itm/257119259462?_skw=YSL+wyatt+boots&itmmeta=01KK9TNV15GS5217R5GVPY1GRY&hash=item3bdd808b46:g:zGQAAeSwivlo5uV9&itmprp=enc%3AAQALAAAA8GfYFPkwiKCW4ZNSs2u11xB5NungAleQooWDggimBXu4GkC4eQcc%2Fua13%2FHoU0ERb1O8BdR869EJMEtHS7%2B3ppa7H9wkjMVrg0DG0kl7xqzAxpaRgYCvS%2BnBNfv8sx0%2FQxdbhdELZX8LTPsM58UopPWHadKB4f4jTLkupIZWj0XsQBhZLBoUhRUqReocTh35AuDtCAbiOoYw1OrkBatigU4LaVtrdy2oeznlATglMjS%2Bl4wWRhe3mSikrjmCRpw3ATHikphOBflLv5b34bhjCCDcUEp8unMXYc0nYko0BAyBrq9tHIdM9JAP7u4lSkxPXg%3D%3D%7Ctkp%3ABk9SR-6w17qaZw
Saint Laurent Paris YSL Combat Trekker Boots Hedi Slimane,312.70,Pre-owned ·,Sold 8 Mar 2026,https://www.ebay.co.uk/itm/177829314900?_skw=YSL+wyatt+boots&itmmeta=01KK9TNV15EV7PFX6VYCD8SWA7&hash=item2967740154:g:rR4AAeSw5XJpgIIl&itmprp=enc%3AAQALAAAA8GfYFPkwiKCW4ZNSs2u11xCaZfYfoqarWzIpkVBghSvV8RC1OKEGGUg9OWFdDk2z3vkTmhMlscR9w%2FWVRQ0ADOH2uuMAXOz9Cnw8ATNs4uy25rK3WngWEmFOjbzpYeLx5JrNsmy1p2pfiUUOt22yOS4%2BvUltSeybQrLlJ%2FpXCzN4PGem3euEBDh2BgcpaezMXMqniDg49YLvTd009%2FMKAlK7eH16R7ESTt8c0xgbBLcPeETUWd3UY1LhLuR5KfTMWCoXgJzYOZv5PU7bFUr7jtrmIJu9JLrZUEh6e0G%2BZBYEUKm%2BHkC64PpzT1MAvRqB0A%3D%3D%7Ctkp%3ABk9SR-6w17qaZw
Saint Laurent Wyatt / Jodhpur Boots Size 41 *NEW WITH BOX,430.00,Brand new,Sold 20 Jan 2026,https://www.ebay.co.uk/itm/326958817042?_skw=YSL+wyatt+boots&itmmeta=01KK9TNV15TMBRWCNEBDCQ29JA&hash=item4c20439f12:g:KPMAAeSwBqxpaprx&itmprp=enc%3AAQALAAAA8GfYFPkwiKCW4ZNSs2u11xC1wjvHQG5ydximjvmwheR0CWau9EUykMxpHWt6MUe%2F1OzHVChgLcvezNI6lSXnR4loR59Ht4r8qSjbHCbPZ4gs7wfuqSUbQxAprvqpMPkswWQKxLxgTqonooWYz28n3IMtRybBdRf10OQrXlBHdZBwGE%2FeLxSow5EMQ0vPFZyqHBoS5sNZ2gaztlYBj%2B44Yy9OKrBDAdPI1DxvW%2BuK9dQsNKbcVZiGF8C%2FHrNbE5MewnGdT17b%2Fk6C1OfsacH506Y%2FgyO3ZJUBeI4CslumVa7t0aEkIJaGV0RXbtq2Rb841w%3D%3D%7Ctkp%3ABk9SR-6w17qaZw
Saint Laurent Wyatt Black Leather Chelsea Boots - Size U.K. 9 / EU 43 - RRP £905,635.00,Brand new ·,Sold 15 Jan 2026,https://www.ebay.co.uk/itm/275749645099?_skw=YSL+wyatt+boots&itmmeta=01KK9TNV15HMEKWDSKYJEQGNMP&hash=item4033f5ab2b:g:MBUAAOSw7kFiWCl1&itmprp=enc%3AAQALAAAA0GfYFPkwiKCW4ZNSs2u11xAxmGno7vZsfd0emEnxaV1FFcc14MHO2YYgGc6OB6PZ7V6iTYCRMkVrxlexBgHYY57xhIPOvYHZMpBZjQLZc4dtp%2BzFnIJHLQpc4o9oNRgThKjTlkdMBSpE3yxIobha3zqNzDhzjGBKShridMQDI65tZjwRpxy%2B4CiqAJwvE%2FyqthaNZpGbBr8SlKGfrvBr%2FFkTBLjHjrp4pytVRzwVtLBG4SD5ABKIywrIOseec%2Bj57ajs5gCKQpNX0wWxZTWtmUU%3D%7Ctkp%3ABk9SR-6w17qaZw
SAINT LAURENT WYATT 30 JODHPUR SIZE 44 UK 10,440.20,Pre-owned ·,Sold 12 Feb 2026,https://www.ebay.co.uk/itm/135294193918?_skw=YSL+wyatt+boots&itmmeta=01KK9TNV15D4V6G3XHGSZD3J6G&hash=item1f802990fe:g:S-QAAOSw3uhnB-YL&itmprp=enc%3AAQALAAAA0GfYFPkwiKCW4ZNSs2u11xCSOJ9LDRMNl2AUziOhwIdudQf7nngJSeYwhnYXVrlgZmV2ZpBH%2FiK27LS8okGlgzAyo02vHSqjVfWZLQqYp6ont%2FbSX6XdzM22mFcm7WSVrXOU7deTwYfnSw6L%2Bsr2akcF9z2vMkNK5Fp2XEOdEv%2FKT7YwbUdX8zzFD%2FR30oPNiPZNOgsRVvbfCBmvtHiHt86AX8%2Fey25N9qUHJgUQ5kvayTznjRL91dsPSU6HQ3wM0JcWlegEMGyJvhayNqXM%2ByU%3D%7Ctkp%3ABk9SR-6w17qaZw
Saint Laurent Men’s YSL MATT 25 Boots Shoes Size 42 UK 8 RRP £1150 NEW WITH BOX,500.00,Brand new ·,Sold 6 Feb 2026,https://www.ebay.co.uk/itm/198066105580?_skw=YSL+wyatt+boots&itmmeta=01KK9TNV15X7ZSC6D55AVMF4MN&hash=item2e1da8ecec:g:iRUAAeSw4GxpMKu2&itmprp=enc%3AAQALAAAA0GfYFPkwiKCW4ZNSs2u11xBxsQM429veD0vU8xavpQr9c8nSVE3zHtk2dmaVfevVU8yf2aKb3WeeMZnE759Pnfu77WCslin5ikuFIyZ35aRLqe%2BLssbOnPRiFy1muteGw310avUwjpbLscD8zOIi6tFJMtrVRZAzEe4tnHpWWE2YcoxfTbmjHc318LDjXzBdQr2PgqTQtsdXjpCq0HipDMNtuJ0KqsgbG7cjkcshu5EVV8hE9Xce1BV0KBYsZeEGtKKKLKKGjj04KIhu1pXaDLM%3D%7Ctkp%3ABk9SR-6w17qaZw
Saint Lauren Wyatt Chelsea Boots 30mm Heel Uk 9 43,430.00,Pre-owned ·,Sold 12 Feb 2026,https://www.ebay.co.uk/itm/287052222826?_skw=YSL+wyatt+boots&itmmeta=01KK9TNV15TWH0H2K6BR614D02&hash=item42d5a5516a:g:93EAAeSwvPlpWj-A&itmprp=enc%3AAQALAAAA0GfYFPkwiKCW4ZNSs2u11xA2wJW%2FFYFxNcxngi%2BnQRBJD9t%2Fatzdv4r91OvKEDwWSxrJFj2IzmlEqmxGHZWu0o8NLS2E0%2BxBZbYrsmH%2BtuCbHFsXiBLEi4ur%2Ftym1DmsoL81kmDJCytlrPFL0goz8qKPnsyLdkIhG%2FrK5qq46CH%2FjTPw1wgwK6s5flrE%2BkOLm0fQ3fsw2VHdxeVcfb%2B11WGWqTuhStfUHZ3DpyyKIPQT1UxXYuy6KeP5piGAFYw3F7apmn7c19tH5%2FHRK4Xe4yo%3D%7Ctkp%3ABk9SR-6w17qaZw
SAINT LAURENT WYATT 30 JODHPUR EU 42 UK 8 HEDI SLIMANE BLACK SUEDE CHELSEA BOOT,312.70,Pre-owned ·,Sold 26 Dec 2025,https://www.ebay.co.uk/itm/326600264114?_skw=YSL+wyatt+boots&itmmeta=01KK9TNV1542GFW0WCGTXZ31PC&hash=item4c0ae489b2:g:S6AAAeSwBFVoMKY7&itmprp=enc%3AAQALAAAA0GfYFPkwiKCW4ZNSs2u11xCIGcoUMXJtxl%2F00QI9AjnHK86FkBFLNScRW3Z4k19h3bAZHKap%2BQANWeJOZOkYMOpqTlBWb5tZt3BEGR0umpQzsR3D5dEPAt7JXfGi5LiDe01xXVjaYPAfptI5xZsfGEOYTDHLi5bduwK3%2FMmoj73UETwQF49%2BLzz5Mi8sgwnrSOjii7SVyUCfsedba2GVMGPsbWtHgDypNCI8lWUludt4h2uj47kcpkt0pOAWeM2EaD9SRjLdngB01srwDoZ53Uc%3D%7Ctkp%3ABk9SR-6w17qaZw
Saint Laurent Wyatt Chelsea Boots UK 11 Grey Suede Leather Men,146.30,Pre-owned ·,Sold 27 Jan 2026,https://www.ebay.co.uk/itm/236595274355?_skw=YSL+wyatt+boots&itmmeta=01KK9TNV15ZTJVNWHM2N617XNY&hash=item37162d6273:g:wt4AAeSwc51pcjtO&itmprp=enc%3AAQALAAAA8GfYFPkwiKCW4ZNSs2u11xDMqbOxtbvYl0oLfGof2cdXZMWrLuTwWGG3IJ%2BUpM0L4Qldd4E52eWaMv12K5tXW8%2F2Np%2BZc7kg1Z093NmrnBOs9lV2KKRMdf1UWQoH4%2BFNTJtHPDDp8IAjm5MGWPfrI4BC9PaifHO2azApepk1LaonBEfgrm86cVnw4t%2BOguUFna3gIy5mlSdt2gfw9V13cqKP7Vc25QbTzTN9yCOzTWwAehkWKB1DZiRzRnMRk448AaRctCLwwclIzaGw0bhlEGu4mmrsgOzD3MWqAIq3X2Rbk9b9Gv5wC2Y275cT4PCRHQ%3D%3D%7Ctkp%3ABk9SR_Cw17qaZw
Saint Laurent Diane Boots Black Leather Womens 5,650.00,Pre-owned ·,Sold 18 Dec 2025,https://www.ebay.co.uk/itm/205616822053?_skw=YSL+wyatt+boots&itmmeta=01KK9TNV16FV47FHYTEA2N8A9M&hash=item2fdfb7b725:g:1cAAAeSw6qtpIIP5&itmprp=enc%3AAQALAAAA0GfYFPkwiKCW4ZNSs2u11xB4E6LeE5l383%2FiZSlvKXUVj%2B6cftXWpe47S3Ek2oWKmg9jfymAHJg%2F9HC6NBfUwvey%2FIo11u0sXdCU5yPHLNZholvxVm34CkrTzv2ubxwwOH%2Fwha7usMGpp03RCGWGkcOE%2BARoBf5l1RMsWta07MC7xOmUWglBP7kLnyhJwcj8Zymd4b9BENQM3MYFCLYSBbwZAaxHuMI3CVcF24S1rOSZMvJ5iT1GhdROoBUVSgp8eHvZ7gXMLsspWK0AUcG2S1g%3D%7Ctkp%3ABk9SR_Cw17qaZw
£860 Saint Laurent Wyatt Chelsea Boots in Suede - 443208 BT300 1000 - NEW - UK8,193.10,Pre-owned ·,Sold 19 Feb 2026,https://www.ebay.co.uk/itm/177875241144?_skw=YSL+wyatt+boots&itmmeta=01KK9TNV16VBN90C3HY090Y5AQ&hash=item296a30c8b8:g:AtwAAeSwCm5pT7jS&itmprp=enc%3AAQALAAAA0GfYFPkwiKCW4ZNSs2u11xA4SkyW1j%2FpM7rSPX5oDyqyuSuBwnFaNPce3NnEAuxp0gFpWWJt5xJWXUDNifOqheoGSIA22FBByCFOOIlBulLs9%2FH8oZs1fflGQTisq4CavLChtRcFVu2LwLfy6ArfzrtBUSkPKBCpM7NKeonGQbsbI7QvuLZgmDLjUn7imqbT7yrfpK4ZClvgrJe7qP3ulyiSUdYqPFeaBK1M%2FYitYRiKgQL3H1zDZDI6TnqfqCriCdpJo%2BMHcUrLJQKL1nFLBDo%3D%7Ctkp%3ABk9SR_Cw17qaZw
Saint Laurent Nico Platform Boots Brown Suede Womens 4,450.00,Pre-owned ·,Sold 23 Feb 2026,https://www.ebay.co.uk/itm/206082307865?_skw=YSL+wyatt+boots&itmmeta=01KK9TNV16KSGARP4SC8NAY1SJ&hash=item2ffb767719:g:FKwAAeSwUxNpmZGT&itmprp=enc%3AAQALAAAA8GfYFPkwiKCW4ZNSs2u11xCU6owaZS4RB6cwnXhdbMPjSnFpMZYOz6PDWshD209orlyN1coh02ObV64M3wPJ%2BamcxqBxlWbPlI46PXC95QzCwSVqOEMYneANmrfllVZyznE7H1dmfllIaFzXmO11C5vz2d1fw6OZG%2BhExnliaqjJvV6VaFHnNrEyG6Wrvo4wFlBk2Ltnqd9r%2Fl7CndTMvvuLCGr8FMPzPS6P%2FeoQWU5XkYs6mHeeR9kITyKpCSBCq4N%2BouGPidV66BIQF9M2wdEO6zB7Fas00xXaAiTskc5b6K9XSBj3S2d%2BzK%2FKG7gfwg%3D%3D%7Ctkp%3ABk9SR_Cw17qaZw
Yves Saint Laurent Niki Boots Uk 6,465.70,Pre-owned ·,Sold 13 Jan 2026,https://www.ebay.co.uk/itm/177415788815?_skw=YSL+wyatt+boots&itmmeta=01KK9TNV1614P3GA5JS0PF0P3W&hash=item294ece190f:g:GhgAAeSwqPxoyKaL&itmprp=enc%3AAQALAAAA8GfYFPkwiKCW4ZNSs2u11xAlJLjHpIFLGYyf3ltKfqar40n1B%2BCe%2B6U4a0OPWNzf9l4ScfdDg8KugL26TS88OcXjrE78zDeTFGFbA%2FhOfobenW3Z9m58q9bny1EtJAWAZtUQ4xBaJWWjlbPVBJJn53f8UixmyAohGQYxRUMhXUnWatTTcC7q29Ybgdw6sFNWCLgwluQpxZDJKEwlNx%2B0aDYL5mY5qvT7zei98ArWJ0brF5eJ8och9Me8OSM6Eoe9C6yiIyNmqqt3d66vnOXq0BjiucVIs7lBkyCidcJjXPsBlI6ePN7U0J3Id%2BZb%2FSjbyQ%3D%3D%7Ctkp%3ABk9SR_Cw17qaZw
Yves Saint Laurent Boots Fringed Heeled Brown Suede Knee Tall Vintage UK 6.5,249.99,Pre-owned ·,Sold 14 Feb 2026,https://www.ebay.co.uk/itm/167989430370?_skw=YSL+wyatt+boots&itmmeta=01KK9TNV16T5ZK0SCHGKB6Q9J9&hash=item271cf34862:g:a7gAAeSwXABolgiD&itmprp=enc%3AAQALAAAA0GfYFPkwiKCW4ZNSs2u11xB4%2B%2F9%2F8MhDRgdnHqoEAfkk0NRg9PdraJZQb5x%2FhtE%2F%2BOsTNOa2FM3Omo051m0bPwQCG2MwgUrMa8jyXikf01miv5RLT6mGm%2Fd3SnaFMDv5FIKNM8LCBDTspVdwVh2dmbGU81IFk32jo8SvNnzIpmvSOJXA4CHyE05BN0pad8WMdAwqYOT0P5gJ6Eu6XU3LMOliOaArY5LahniExbULlF2XdWs5oIR%2BTCI04pvphWYuJWp9uvxPk4xtFCv6EJyUxl4%3D%7Ctkp%3ABk9SR_Cw17qaZw
"Yves Saint Laurent By Tom Ford A/W 2004 Ming suede wedge boots, EU40",295.00,Pre-owned ·,Sold 16 Dec 2025,https://www.ebay.co.uk/itm/257209984106?_skw=YSL+wyatt+boots&itmmeta=01KK9TNV16P66HR14JVCGXR8PZ&hash=item3be2e8e46a:g:d6cAAeSwz-poxXwo&itmprp=enc%3AAQALAAAA0GfYFPkwiKCW4ZNSs2u11xD7Wjn1aPQYboqdxV1JxfWV9herN%2FXs74wV9ifWidwjEsOBR%2BeHsEGk%2FSetyAvrT12A%2F4ha1C0JVb0zIYgwEsPCcsXcm4mGD6UZZ7DjDAR6Y4Jo8cMgdTQHVnRcoWusO2YKJMWBLj76gpb9nH6Bi8TjNCcHd6DbBy0xVOnZM6JKCSYgQjcUzPIXnEsdHUpzRIVFfjCmAd5dOB%2FGNSh8F0qQgmXZryPmqMCkqifmnbK%2Bu7oAxRdpO9B8PYKL9Fl7zJQ%3D%7Ctkp%3ABk9SR_Cw17qaZw
"Yves Saint Laurent Lou Ankle Leather Boots EU 40, UK 7, US 8",250.30,Pre-owned ·,Sold 12 Dec 2025,https://www.ebay.co.uk/itm/187202122753?_skw=YSL+wyatt+boots&itmmeta=01KK9TNV1622BMYW5F4YTG1A05&hash=item2b961db401:g:qJwAAOSwtSxoGvda&itmprp=enc%3AAQALAAAA0GfYFPkwiKCW4ZNSs2u11xAlAdcHKCRC5oAnWcFuh1wNc9x6sf%2BFVtCPCFqqxhKRvJUkYq%2FyjshEQbqzVFUUuMHtQDHVjDOkPWqOoYWoOVct55QBr29b5DbHvubtpNCLg8Py1hDzE3xzeENXThbsoPxiKr0o0IJ1znUaZWRChv%2FhzJNT0XXMEtvnrzbFV1%2FIRpIF%2BRMN3rxKZFxKk4TtM44wT4wTXB4128aZy3JdoewLghl7CAGfyrGFegpq55bX1sapbNhsklUb9qst55PnvF4%3D%7Ctkp%3ABk9SR_Cw17qaZw
"black yves saint laurent ankle boots size 6, very good condition, only worn once",208.70,Pre-owned ·,Sold 10 Jan 2026,https://www.ebay.co.uk/itm/315911688994?_skw=YSL+wyatt+boots&itmmeta=01KK9TNV167S0059NNVFHEV485&hash=item498dcdd322:g:G1EAAOSwnypnJPyR&itmprp=enc%3AAQALAAAA8GfYFPkwiKCW4ZNSs2u11xDJ0CrWLBhsSNOEEJJj97oiibGHVE%2FvrVZXMrvgXN2NNkog1FtE65CrH2ft%2F1K9ARLIxpfbPe%2BFby%2BeX%2B9e56sNYvg3YKJfxpTwRqwTrNdYrN2GB7fgeLgbmDWEOhqUD49nJluIVl41SJqzI7Do6t7mc6nOYpQZWmMDT2fC%2B3ZknI6z34BHwidNK%2BIS2OKgHFWtxXqG%2BlifeQvB46Oj7iPj0%2FBe8b%2FKMqJiDYZW%2B01Gmxha726J2BLgitvK1z%2B1iXxkYQYDf4kY4VWZbJl3NyXyJT6fUTTfsLotqx7%2BtHUc8w%3D%3D%7Ctkp%3ABk9SR_Cw17qaZw
Saint Laurent Bow Ankle Boots Black Suede Womens 6,290.00,Pre-owned ·,Sold 25 Jan 2026,https://www.ebay.co.uk/itm/205968718616?_skw=YSL+wyatt+boots&itmmeta=01KK9TNV168JV3BGPXHS60FVQC&hash=item2ff4b13b18:g:vnMAAeSwWEhpWPdN&itmprp=enc%3AAQALAAAA8GfYFPkwiKCW4ZNSs2u11xA7jIT54Td7Q1mpmIN8zOxguhnQXZeKKab2cTS7zMb752HgX0cPnNIcv8MxvgcNIZ4G4U1c4GsR5FA5cOWnR80JD8heuAtofkh2G%2BLcs12xKxZZqfhjyuXBLvoUkjSoPvvWqJmcInMTwlYxf3e5c%2BEoP78%2FsQlPUcr5dbCPhaopnlHzAQXZXPKoO9gUspNDYw1pv%2Fh0eDZqAyu%2F4Ia36VWG35Nn9IN15aNSn%2BtxWib%2BFTHyHCUn3zyiKeHwd45BKrBpsFQFKDKTtbfKixTMO7iImGkrNT%2BLKB30DvHxt7a5Ug%3D%3D%7Ctkp%3ABk9SR_Cw17qaZw
Yves Saint Laurent LouLou dark red velvet ankle boots uk 5 BNIB,389.19,Brand new ·,Sold 29 Jan 2026,https://www.ebay.co.uk/itm/304873240566?_skw=YSL+wyatt+boots&itmmeta=01KK9TNV16FS8AMK1B2W9DAXDH&hash=item46fbdc77f6:g:XCQAAOSwACFkKuly&itmprp=enc%3AAQALAAAA0GfYFPkwiKCW4ZNSs2u11xAWzdyhchF6wL9qbjDQVXWVBLEDtzWjS5%2FbCgeNYcjIQN3tyPjnd%2BbQhHpqz%2Bw7gDh5D1WGlMQOyfnKsMBQduPJ99u1rl6nj6E4mkFf0WkOT5gNlCGmc26iAjzMOgJ7uiBFzzy15vFwNVKaXNGGVeh7w3YAoJO3VwN1LCofXsd8cnPmRtq1MI08c6WPHZEHtnokHwa3fP9n4lG7N385kp0zKoQs4IFplS3tOzc22vemzYvwSbJtZ05Y%2B4X53Z%2BK0co%3D%7Ctkp%3ABk9SR_Cw17qaZw
Yves Saint Laurent Mens Boots Size 9 EU 43 Black Leather,160.84,Pre-owned ·,Sold 19 Feb 2026,https://www.ebay.co.uk/itm/137025808804?_skw=YSL+wyatt+boots&itmmeta=01KK9TNV166AAXRS03FAD5CZDV&hash=item1fe75fe9a4:g:VOQAAeSwe6FpigF9&itmprp=enc%3AAQALAAAA0GfYFPkwiKCW4ZNSs2u11xDyBonG8uBS5Zx2q5jduGq7jPfkTutXgsOYsFyvB8iAVnQKNGHPuKTVGC%2BdL8fVf7SSlzlZvtywcpf%2ByvSZV5BVgv1IHE9aCfvAMDe0iv8ddXIxFPJLwWmj3hlKGjRZRck3sE357MSXD5cr8EQW2tB2Hqx%2BlVCd--yvw1E3ywTQ%2BBiza%2FQrn%2BpayRwsvGutLlZIIJy6%2Fjp%2B15BxU1gJ4724imWzI9fp43ZD%2BfnyXPrVg9R1ajbW%2F3ruxz06eavOXG8%3D%7Ctkp%3ABk9SR_Cw17qaZw
Beautiful Vintage YSL Saint Laurent Suede Chelsea Boots UK 9.5 Eu44,167.10,Pre-owned ·,Sold 31 Jan 2026,https://www.ebay.co.uk/itm/127657134170?_skw=YSL+wyatt+boots&itmmeta=01KK9TNV16E8AFT1KHW0YW05WN&hash=item1db8f5485a:g:A0oAAeSwJo9pVS3u&itmprp=enc%3AAQALAAAA8GfYFPkwiKCW4ZNSs2u11xA8pysZ8Fv8Sp81tw2qDr71RhazMYNJYRw4IiCXL2KPnWkpAkeLswC3rc0u4VA8NJC82ojtuTzMh9AtAmfz2uFe1GgWjFXAU5td8%2BHWXceb%2BQQ%2BI2FIFl2RGDEwvrD9n0eZ9kxUxyYI01saRJB0xALuh6J6Udu%2BiDWLBt%2Fyq7gkFTauScKsvhw9d69omSiV6GcVTR3X3DAK%2B6mLbkW%2BkOVqbs8McUYi%2F8VbYz4jjiqZWUbOalrDhZhT6k7zmxbYAPdSjZLWaCOkL5VUL6nRVi2AUC%2BTb86SQSwQ4mZQyNnb5A%3D%3D%7Ctkp%3ABk9SR_Cw17qaZw
YVES SAINT LAURENT Designer Brown Suede Chelsea Boots SIZE UK 8 (EUR 42),80.00,Pre-owned ·,Sold 18 Feb 2026,https://www.ebay.co.uk/itm/306766126357?_skw=YSL+wyatt+boots&itmmeta=01KK9TNV164TEDNJ8HGAGRF6GP&hash=item476caf9d15:g:Vw4AAeSw5qJpjdO5&itmprp=enc%3AAQALAAAA8GfYFPkwiKCW4ZNSs2u11xBlo9SNsm9Av%2FOWuonBEdoz--I7WW%2F8Q%2BUhzSN5jzeemAk32jI2rjgbVhMUZ5jDvYpKzhG9nAdmB5Ud0eInSKeqG4iKifIIENoxZgfX5u05UbMua9oDJunAAunl667jcgP8joAjoVdvMAcaIMZhfSkARVV3f5EdK4jJLRLjPzpieZTC12jPFKuYzj8T5ouV2gB77wi%2BjxIGIwwBXrU9QJT9sKL9%2FecdLY2tgLQkSc4MVtbkYmE6%2ByBhf37yAbVs1hTsJKkuxIXav1NXd2BNcHW%2BD98W%2FnCFXOIxljORn3Ysfw%3D%3D%7Ctkp%3ABk9SR_Cw17qaZw
Yves Saint Laurent Laser-Cut Suede Long Boots / Black,157.50,Pre-owned ·,Sold 29 Dec 2025,https://www.ebay.co.uk/itm/235716800386?_skw=YSL+wyatt+boots&itmmeta=01KK9TNV16FGQXS4KAJ27Y94SP&hash=item36e1d0ef82:g:nGQAAOSw975h12UN&itmprp=enc%3AAQALAAAA8GfYFPkwiKCW4ZNSs2u11xCtze9zFOi4CLy%2BDRuekKfOySCM0k%2Fa9xwukYVDq5Xq5DtNug%2FgnSRtW4rp2XYKFJo5cVNcSe2WqkTpktboy01TuK8M0K4EaCV17A66C8XqFEz20nAREXkcJppcUKM2Pkpe2z44CA2o9MzrpuMB5vK7fgnJM4n8xc37prtO4yFyEOlNpz430mrluqTMYPSSWtyNjLJo85oykmuMMp3yzItLOwmDLVoyzazbY%2BhA2q6xSCMvgLOx3Exzlw8Wm3mT%2FX3g8OCLWJY9HWZin3PtwJ0dB%2BEVg0JfU6zt0cEhWeMBJA%3D%3D%7Ctkp%3ABk9SR_Kw17qaZw
Saint Laurent Chelsea Boots - Black suede Size 39.5,399.40,Brand new ·,Sold 8 Jan 2026,https://www.ebay.co.uk/itm/354036228348?_skw=YSL+wyatt+boots&itmmeta=01KK9TNV16MJAATEB0GRFFS54G&hash=item526e3420fc:g:MRAAAOSwG0xibRP2&itmprp=enc%3AAQALAAAA0GfYFPkwiKCW4ZNSs2u11xD1V0y0iGIVm1oD%2FnpfE1CKOJwGnH%2B0CAX1RgMkM0PNou%2BzalT5sUxuz50Kg2omyy098Dy0kBKWkcY%2ByysVKRaz562zPg0Gn9ips3ENVJnCdN6wUDy%2BVc9TlU%2F2ixcZRloqARYrhKKfpvQI1oSi6n%2F0OgopqLLxa59dnErT7EesqCHCy8cmi68o%2BwtUyNKxYmaaJcg0ujPazdjywH7VQzMpIGKn3J8KJSqlXzItmh9eWRO7%2BiGfe9HCUyL8euKaEHc%3D%7Ctkp%3ABk9SR_Kw17qaZw
Saint Laurent Wyatt 30mm Jodhur Boots New Sigaro Tan Colour RARE SIZE EU 46,130.70,Pre-owned ·,Sold 12 Jan 2026,https://www.ebay.co.uk/itm/406559093934?_skw=YSL+wyatt+boots&itmmeta=01KK9TNV16PQ1D1HY8VTZVD804&hash=item5ea8cf74ae:g:ppoAAeSwLHNpP~1v&itmprp=enc%3AAQALAAAA0GfYFPkwiKCW4ZNSs2u11xAfIbpOySUZmVJXuB8660Xgofhtu5%2BkTR81OVOae32QdZHb5jqBcRA5BUbNWLRrscVHRN%2F2HJ0EUcTtaduoLNXUg3teqmOJyYhUR9tuH5BjGOkGfJJTSX7EeGj9aSPAC5GB0JuHcOwtNpRdHyM5lDWd3mPXdcxFdYkooj%2FpfGKjIdy3XXQLXvXPpI%2BCscXfL6b5xNEWRvGqPbipHtu4KUaDFY15maraJ6nKCEinskLm8RiHG7Q3wv5NXFJzi1CJqP0%3D%7Ctkp%3ABk9SR_Kw17qaZw
YVES SAINT LAURENT BLACK LEATHER OVER THE KNEE BOOTS EU 36 UK 3 US 6,86.50,Pre-owned ·,Sold 22 Dec 2025,https://www.ebay.co.uk/itm/297151818498?_skw=YSL+wyatt+boots&itmmeta=01KK9TNV16SD2NB0SH2CKWZ049&hash=item452fa0eb02:g:WJwAAeSwSARn5Bod&itmprp=enc%3AAQALAAAA0GfYFPkwiKCW4ZNSs2u11xCoEsWzvoSG5kx968QBqWFdRJC1KwVxM61oMZCAcr8GDXvhbl8r7v4f7qK%2FP6Gw40INWSsHhxWolAOX46FEOdbld8svXjSiAh6xcYl%2FsYydIjRLHqAWqzREmdlHowKxuRd09jBhFVoqp5mARgIR6ABo0o2KaJ7pJ%2BB%2FIZG1tjOgvTy9E5OUDkTrFg0qJWmX3Silw7ivXOsI5XFWUKGrbqMvcuF338LWWzxR3d38TC7wASc8TyDcaebAL8XKAgjMMg4%3D%7Ctkp%3ABk9SR_Kw17qaZw
Saint Laurent Rock Zip Boots,156.70,Pre-owned ·,Sold 18 Dec 2025,https://www.ebay.co.uk/itm/185167442461?_skw=YSL+wyatt+boots&itmmeta=01KK9TNV16N63PT7RFGNCTMHZM&hash=item2b1cd6f21d:g:~YQAAOSwY4Vf9s8O&itmprp=enc%3AAQALAAAA0GfYFPkwiKCW4ZNSs2u11xBfdpZxOvZXOIWVnlVETdX9St5YCCDLIjoKqoYg3QuTqFTT8O62bWYXwsFbRenFZ6A0qfiw0%2FrjirUMGjrEwn%2BZJE0yFNmjvzM3fmQ0Xe1jmaXJBRlfwFE3ODZ%2BWtJ7RfnKWqSr9hsk10SL8RzT1hrq6S82ySmHdfNMSbUU1S%2Fe2yIVHbXWS344E20I8g0q8jSqplRfsV0x624gkFWsAFx0jzgwboa%2BsG%2BW3Btwva0sr0InbAkE0O23h7ljxkSb0o0%3D%7Ctkp%3ABk9SR_Kw17qaZw
Yves Saint Laurent Ladies Monaco Slides. size 4,31.90,Pre-owned ·,Sold 27 Feb 2026,https://www.ebay.co.uk/itm/206082671678?_skw=YSL+wyatt+boots&itmmeta=01KK9TNV16H26093X9AW5RJAKB&hash=item2ffb7c043e:g:52EAAeSwOY1o-Nqn&itmprp=enc%3AAQALAAAA0GfYFPkwiKCW4ZNSs2u11xDU0n%2B7G9PhY%2FeNUCArs3AYQvOp%2FJpwa8TUH9z0Bw%2FndOmkQtpy%2Fch9zzEO0WQ7U%2BLnB0Admiy7MMd3rAZL1%2F4FQ9KB6RoUDjpNuJHNJZRlb3f8feS0fMkzKIe6Q%2BKowJq5hZ9aSdAaUnW2NSQ0krr5OLPI%2BX49n5jzok47IigxwdVAQV2yWBYCVWn3Wc1NSrJFJHG638VudWlO67BX06jjFYgLALQd4y5wTkY0EYiinlyoMHUkfQAGcrys5YnJKDc%3D%7Ctkp%3ABk9SR_Kw17qaZw
Yves Saint Laurent Black Suede Fringe Cowboy Boots Size 40.5,160.00,Pre-owned ·,Sold 1 Mar 2026,https://www.ebay.co.uk/itm/358020489645?_skw=YSL+wyatt+boots&itmmeta=01KK9TNV16A0HT3413VXVY9K0K&hash=item535baf21ad:g:8GsAAeSwFdxpQENX&itmprp=enc%3AAQALAAAA0GfYFPkwiKCW4ZNSs2u11xCNa7bxCIOBA7HRBXsLAbFWDwdM6mkREEdrhSCMS9D%2BTzcAJyQrLVOsibt%2FG7WuB21O8U9eo71w8Pvk8QRRpeXNSLHGxjT2h4jxQr8z%2BQGyUVKsyQHN7gAR6su1XufY3SZwJP9Lo7UTgoEYxZAQNHc3ERippIa2AYgV8TEWyQ7gD9w8CJ5ScUbeTpepBI4fznnbE1OJxYwIdFYkAYCnhd3UNQKZnJZxpPTSgyKtAXMVqzwKdPgJtuJIdfDCNbDsVn0%3D%7Ctkp%3ABk9SR_Kw17qaZw
YSL Saint Laurent Black Leather Jane 90 Boots,260.70,Brand new ·,Sold 21 Dec 2025,https://www.ebay.co.uk/itm/136869041268?_skw=YSL+wyatt+boots&itmmeta=01KK9TNV16WQF31WRPFK8ZFPJK&hash=item1fde07d474:g:JhwAAeSwBCxpRykZ&itmprp=enc%3AAQALAAAA0GfYFPkwiKCW4ZNSs2u11xBfhGbIdoaNVSUTGGJh%2B2WM6eJyBDCkoVsCttiyqW5m2t1i1Nj2wllyM5%2BV1BIhwx%2BCNFB5%2Bh1VAAIegP%2Fui2ha8f5Be9vR%2B6dR2gNbO6n8CDF%2Fh7NZNhGyIQ5nVLGT5xZU0YaEiTwVjbXLTgKZOEHAtReEJ%2Ff3ElD35gR28DDh%2B3CKYipa5hCDSgdOR1sBqZ%2FB5uX9Qfz7NdAJlfoLrZqjvkLuwZK%2BWEHAAWh893dPmjHcEBtLSEJZ9Iqyqqu6%2BJU%3D%7Ctkp%3ABk9SR_Kw17qaZw
Yves saint Laurent Wedge Boots,125.50,Pre-owned ·,Sold 10 Jan 2026,https://www.ebay.co.uk/itm/127601685226?_skw=YSL+wyatt+boots&itmmeta=01KK9TNV16MNYXK5XSF1H2EKQ8&hash=item1db5a732ea:g:S-4AAeSwfS9pQqgv&itmprp=enc%3AAQALAAAA8GfYFPkwiKCW4ZNSs2u11xD70o5g9VOw7X7NDUwkE4Sx2B73brWV%2Fhwd3cwiyK%2F0zhA%2F1%2BdWC8FJkogRqJDm0Ag5mlxVktOrEfj%2BVQfkWpHgcL4XtMzSPYbz9YsKF6MjeNd00iNLCnjQsXTcLnZeDqEvlA9FnhLqUBzvlC%2BGWNGV8GA2gGmzQOf1WBA3GJaxYAV9OV6iJKEDU5WHp8%2B6NpKgG5RKTPMxkP5rXlIwUIB4aqvas1kgITgF2azk%2FrfT96tFJNJgmw%2BLgm%2BMl8PqylZV5JMNl4iB3Qima7BdT5Hwd1V1DqaMlp9PvObOpS2oSA%3D%3D%7Ctkp%3ABk9SR_Kw17qaZw
YSL Saint Laurent Immaculate Ankle Boots Strappy Platform Leather Buckles 37.5,167.10,Pre-owned ·,Sold 27 Dec 2025,https://www.ebay.co.uk/itm/313223945860?_skw=YSL+wyatt+boots&itmmeta=01KK9TNV16N38J57A0DBXXYJVG&hash=item48ed9a1e84:g:mwgAAOSwRXFfZMM2&itmprp=enc%3AAQALAAAA8GfYFPkwiKCW4ZNSs2u11xBQ8hjvcPCyu7K8Mus1QO3gpzhbu%2BwDobfL%2B725Oz3yz8G247ky2Qp5NSZnjihMQdvj8gUtFOgPlo5ZAMKWJor5oop2tpscIx4pJGt4ihjHgGil9nLFRt6MDhMPbyiKYCBg8tB6XrsnvIxbeLEx1esjZZ1gEohYwJVBCOgCBSNlkwMC9GssYx%2BkPkB8zumMrAEwUgO3nde9E2GxxqTagM70P0LTdD38ebd1v497Y4LMBqeniY771d25JgoPokuZtaxZvspw5uYF7qpEE5mPXezLUgHM2tgFq8U7OurzOVOjIQ%3D%3D%7Ctkp%3ABk9SR_Kw17qaZw
Saint Laurent YSL French 85 Studded Ankle Booties Size EU 40 Uk 7 Calfskin Boots,149.00,Pre-owned ·,Sold 7 Jan 2026,https://www.ebay.co.uk/itm/357994031974?_skw=YSL+wyatt+boots&itmmeta=01KK9TNV16YA6X2JCG56BKMNKR&hash=item535a1b6b66:g:YcUAAeSwzxVpNbux&itmprp=enc%3AAQALAAAA0GfYFPkwiKCW4ZNSs2u11xAxvTJUIbV%2BRT849IJPvPK0QMRSOmap6aGMqZEfQiJa22ouPpoZhUmss3cd75Vt1iYPvMRWrLhbJVYfsJSihAupZtlLL6n5gOpheDSjTxRI7y1lXNDMWo4YIU5ypfUBcZJVAERtbA9J1gGoR0W6RgxxOVLsPrZSssrtYu%2B7OKR3gYQXWZEMHfsoHs2RXrTpPkbM6wApLvAmLXOT1SmnEdhbl2cHohhEAd02uCL9luMGL3Ew2osKcVViQm7RZCxNuiE%3D%7Ctkp%3ABk9SR_Kw17qaZw
"Saint Laurent / YSL Black Leather Iconic Blake Jodhpur Boots Size 5 RRP: £1,200+",99.99,Pre-owned ·,Sold 24 Feb 2026,https://www.ebay.co.uk/itm/136954778744?_skw=YSL+wyatt+boots&itmmeta=01KK9TNV16YW8X644T4B10FWWF&hash=item1fe3241478:g:yVcAAeSwh~NpakTe&itmprp=enc%3AAQALAAAA8GfYFPkwiKCW4ZNSs2u11xC1z%2FqHUftnqvhysGF2jA4S8KHz9vQmDzo40KMrvD317TpamQ%2FaIAVcuDxdxiE9dYfaHJz0ekzfaNWtX5chAowIXUQaYiTDmsLYyNoxAtH8Lo6Rq70caR4SQyxqMGK6gyq3PK%2FtUT6PqAO68fJLZKRhCBRE%2Blv5NcbNloG3Q4p1Ib3klucQT9lBySMCSVct3P6vpYXQgz8o1sHP4GlgqdmTgtiQYU3SLWgwifjMe7GK%2BSVwVQeWDwpUbDzN8Dr2gcULSHBg%2BhUJjqYdmHYN36JgWdWGuijuwaMItMtEtaSF8w%3D%3D%7Ctkp%3ABk9SR_Kw17qaZw
YSL tribute Brogues Women blck leather,198.30,New (other) ·,Sold 7 Mar 2026,https://www.ebay.co.uk/itm/116693706527?_skw=YSL+wyatt+boots&itmmeta=01KK9TNV174CAV4EJ6HJJRRSW5&hash=item1b2b7ca71f:g:bicAAeSwpEVoXvEL&itmprp=enc%3AAQALAAAA8GfYFPkwiKCW4ZNSs2u11xBcVGqm%2BVzIjhrzOijOeadzCQbS8aV6U8iAsSHQRZgY31M76b%2F69lgn5FRct7H2iaGfuo3ezbLjRKvZ5%2FJ5%2FpIYzhZCCu7OCPWk2YuWMQeWTxBoZYQoCkWGEGw1KeE6vFacX7FTJMPUMpceRfGTtV%2FZ4lI1RZhPCbBZQ7CZvZ%2FtJfWKEUiQ%2Ffwn3Cd7IFgHgdWWp%2FNftgEQdQRJuiAFzlczXohMQGkiJ9XkRmznOxyCLnOPQs5CGjanR9fU1XHqBGrTIsfNC0ijrfyoXDhO7dbaq7%2B2Sh8WP44%2FhV52XECeRA%3D%3D%7Ctkp%3ABk9SR_Kw17qaZw
Tory Burch Women’s Wyatt Mid Calf Leather Boots Size 8 UK 39 EU Brown,25.00,New (other) ·,Sold 20 Jan 2026,https://www.ebay.co.uk/itm/116981790889?_skw=YSL+wyatt+boots&itmmeta=01KK9TNV17E44T0YKYJ73ESKMG&hash=item1b3ca878a9:g:DUoAAeSw~5holvHw&itmprp=enc%3AAQALAAAA8GfYFPkwiKCW4ZNSs2u11xDjqnfI00vLxKXRC6tS%2FepbsdLOR5SZ9IrdWnHMI4P1ZHH6zIyvlHz%2Bs8UJ9Nkw8N7BcqGu%2Ba0gs7mWrGyYUu31DCpnlnqLtbdLhq0619iRlu32ABiiQ6LXngsv0J6rXDpihQcmWFpRaIAYHgh%2BB6wRxumnnP0baXIOdjMvOaG1eE%2FNfnUD5e0gue90MZOIT0zEizIXpAO1CS4yK4gx%2FiSHkl8MVELcQt7RJRpegCLV6p%2FRYLaiU%2Fq3Wa9EAIP%2F1I%2BtEafvlPbyYf3DIXJflY9PO8sxZoXCDkICYI0gpeRlNw%3D%3D%7Ctkp%3ABk9SR_Kw17qaZw
Saint Laurent Chelsea boots Wyatt Suede 43,188.00,Pre-owned ·,Sold 25 Feb 2026,https://www.ebay.co.uk/itm/336443990524?_skw=YSL+wyatt+boots&itmmeta=01KK9TNV17XQPCNWW7RF6RHEJ1&hash=item4e559fe1fc:g:wCsAAeSwDV1pC42n&itmprp=enc%3AAQALAAAA8GfYFPkwiKCW4ZNSs2u11xBjhJbZcvBjx5Lc3WZqOEin2kQKcA78tP0luLMfTBe%2FDJSjChYNogsykW7q2ffpgKQXs1CuA14G9nLeJbS1Y4Q3IVmAQgAuB33uYtNz6rfIReWtzxowXJ4bY8XCGGbkDAjMI8lFobekb6F0gU8YcRwiWGZ4CO1YgY7p6qgqxr%2FhW%2FVHDPKFMRrloULgSetwSvUuLqZBC2foCeR7%2Fpkqi3KRmJO38IuO9UnjLOnYMJ2jm6vChutD9eWzkJty3cUl37TQ8AinBD0CY8UIpYtn1bVh8I5ZNA0az9G%2BB1M8J7dzGg%3D%3D%7Ctkp%3ABk9SR_Kw17qaZw
Yves Saint Laurent Ankle Boot Heels Size 8,58.18,Pre-owned ·,Sold 29 Jan 2026,https://www.ebay.co.uk/itm/376653268962?_skw=YSL+wyatt+boots&itmmeta=01KK9TNV17VB2WMTHV9RB64QMT&hash=item57b248c7e2:g:xfsAAeSwxlho~3P2&itmprp=enc%3AAQALAAAA0GfYFPkwiKCW4ZNSs2u11xDy020Vm4MLBou7gMFpAv3zkTpHOcTZcBh7diqz5ZhaluPqk7rpExhnw9YZ%2B4PXn6EdWq6b21G57JI1jyYzYGNI13x0HYxqB51aXHSRazjHIfoZbY2w39%2FquoYHSmJ%2FvI1bKXh7wfSmq4A2GfLd8S6dJGwn6Ca%2Bz3kuv0l2%2BIB1DmTVLLPGXsuCKX7XnwAyVEl5H2qg1NMbTD9v%2FvyDSMHvYp27lemtT%2FumOoJCqjyTvNrVC433cjc4IPmhkoHdhfc%3D%7Ctkp%3ABk9SR_Sw17qaZw
YSL MENS GATSBY SAFARI BOOTS UK10/EU44,125.50,Pre-owned ·,Sold 9 Jan 2026,https://www.ebay.co.uk/itm/236573204833?_skw=YSL+wyatt+boots&itmmeta=01KK9TNV1797X2RVYXRA1GT1AK&hash=item3714dca161:g:CKwAAOSw3JBnkj7l&itmprp=enc%3AAQALAAAA8GfYFPkwiKCW4ZNSs2u11xCjlUqE3L9Fi3FCS4QUfQI3gWWEIwp2z%2BZk5DiN8%2BlQE8%2FeFsDK%2Bc1HwhbfLUBttnGpLnzlkIURKJQqoE3lLzi%2BizVc5vwUo9u5ytQHK5V7jXwUYnFEkMe8KWIM9pDAUGGpQjyhHz5UX8EmcG0BsmIMRH0HGTPNlHUR9DMA1pkyu6i7APdN7oIzVrjeSNy7sKOgjHT4dtYYef7et000rgDhclhV5l3rQIQFltGJrNcteOkva1AYRNgxhbZ8rqsif1WNOnW2jCLRhj45SBFl9h2%2FghUZ5DZEMSxcBEQuyQYqNg%3D%3D%7Ctkp%3ABk9SR_Sw17qaZw
Goodwin Smith Wyatt Apron Boots Brown Leather Uk Size 12 RRP £189,34.99,Pre-owned ·,Sold 4 Mar 2026,https://www.ebay.co.uk/itm/127714400528?_skw=YSL+wyatt+boots&itmmeta=01KK9TNV17VM3W2F2WAYMFHMEA&hash=item1dbc5f1910:g:SGcAAeSwDGBppasE&itmprp=enc%3AAQALAAAA8GfYFPkwiKCW4ZNSs2u11xDqPw1uLViGweZ3pAsNJO8NlpdjBaNubyI%2FqMgiZvK09j3J99TQhoJojVqIBTgZo89D%2B7exgmZlkW7CeFhp5VAXE5zlbf%2F6Bi2sP9k9AcanPLHPnjlGalpixyIzN7mUyaaMvMZDsSmey6gFIE0gfZUS93OI8saKIWjtgyeh3BpnWo5YNq9MWEX0nCItXZoDQ0zhHssKOPmlqsBSQBqoIN82%2BG15j0tWLxt6Jc1edo182y0qVZs0FU9tWuaggm9uYpHqvNJRecLogd8HqhZmR8SV2RlO0G6U%2F8qFBdBZoNEBog%3D%3D%7Ctkp%3ABk9SR_Sw17qaZw
Yves Saint Laurent YSL leather platform high heel ankle boot New 38 yellow sole,182.70,Brand new ·,Sold 30 Jan 2026,https://www.ebay.co.uk/itm/198035449007?_skw=YSL+wyatt+boots&itmmeta=01KK9TNV17CHHQQRKJ1R4BSECG&hash=item2e1bd524af:g:GwkAAeSwjYRpa528&itmprp=enc%3AAQALAAAA8GfYFPkwiKCW4ZNSs2u11xCH5RfCJKtsVEi9zWwt%2B0ykIBzYQlxzxND4Dt7UndyfdMiQcswkDtQ2jPiMVV3Oci2yKUhkOdXl7t0rtfdKCTK53T9XFWItnATR4lxpaifJikH6KqNaf%2FV59PhaMo%2BvallKgTLDBl7bGAywNacSmJQ8GhN%2BGI%2F4Uo7S%2F5IFf2A3KEghmd068pvuE4cALJLqRczmHhwqNqTrtKhnh8gZ%2FXkuUpfAQ7j3KsjfndATW9JvMBRQNXpUVfS3v6Pc9Ej7m0jEM32%2BIXqyx1U1y%2FeKnLimgZRxKfeU5bGYckw%2FcGvNdQ%3D%3D%7Ctkp%3ABk9SR_Sw17qaZw
Kurt Geiger Wyatt Boots 3,16.15,Brand new ·,Sold 14 Feb 2026,https://www.ebay.co.uk/itm/177851560829?_skw=YSL+wyatt+boots&itmmeta=01KK9TNV17QMMT6B8GDM8Q0400&hash=item2968c7737d:g:MLUAAeSwrL5pi1wz&itmprp=enc%3AAQALAAAA0GfYFPkwiKCW4ZNSs2u11xCJL4hFhkE3ubi7EybPNJbF03P2kna9eAg7VPqHrsWvrBQ44u8fFdiU27VYvUrb%2BnhttZBqDSSLkoFIMBRd27SqqAvoLVevbGqvX%2FR3NkwP0GIHzErNJIlW6IO6rNMg%2FBy%2BwOo9%2FVv%2FjgV3bmy4gn92g%2B6OPL2P967MK72qpr%2FZeM5kT3Ld4rhPn6tsUOi42a1g%2BDmhqiyRPFzZw03w9ZVNuwH6P6Tr4YYXgpFna8Q4Lz5NbQLR1T1kq419ZqvOiNA%3D%7Ctkp%3ABk9SR_Sw17qaZw
Plain black suede Saint Laurent loafers,63.10,Pre-owned ·,Sold 20 Jan 2026,https://www.ebay.co.uk/itm/275452034249?_skw=YSL+wyatt+boots&itmmeta=01KK9TNV17419QS131W2654CXM&hash=item4022387cc9:g:-TkAAOSwqetiC6jn&itmprp=enc%3AAQALAAAA8GfYFPkwiKCW4ZNSs2u11xC5RYE6pcDJqHmDJ3Lt2XtIyALeWMDJzQBrsE1XRpVM24tMg3qKeep4EN9wU4leqU1cRGBPpOancUxBAyC9eF9lMnWh99wqW%2FrW9gwOnVSiKWtNYZmGmmytQV9xUVqAoElQUfbjphCkBU63SqQkpWqBSmwQO%2B8pj4MEPo11gSLKCKJZQnikBVSfgj2wgrFai2D21BOWkxVB3VXuWgS4HwqF7SGUAsjWPBk7N22V1cEYUM0KNV0BVRyZdmiXcsfqZOdG%2F1cZn5UkgTKYXRTTIQftvOcwvwiPvh2Q4HDGwHWi5w%3D%3D%7Ctkp%3ABk9SR_Sw17qaZw
Designer’s Genuine YSL - ankle boots size 40,99.50,Pre-owned ·,Sold 24 Feb 2026,https://www.ebay.co.uk/itm/256260913410?_skw=YSL+wyatt+boots&itmmeta=01KK9TNV17VWNCT3QATJ8JYPX1&hash=item3baa573902:g:ctIAAOSwPAJlL9t-&itmprp=enc%3AAQALAAAA8GfYFPkwiKCW4ZNSs2u11xCIB5bxttbg8xvN%2F7r7u82vPouTtTsguVmeDNwUiyc4utzPeO8uCIDfyLRAwnINFEbmtVzI0mrbMP%2Bkx%2BJgiHU1OJs39n4w6bQe0dfwd%2BrR8ssEi7qTSdkOdy1KM6JOlP9PgYGBw97VYVPz6804EIBKVs%2BYhYEleLKF8hnKSqaX%2FpXe1Oa9UU0Qc0n8oJG%2FG%2FKdosoWrFTGwyQ12M%2FBHYBd9Zjm2DDMLHfgi9CSlZVnjntjbyGDHjRMzKeXpsuIPpG02NsHFcIc%2FxaEWlla60%2BD8h6SbuiUB8K%2FsrXN0L1fWw%3D%3D%7Ctkp%3ABk9SR_Sw17qaZw
"LK Bennett Boots ‘Wyatt’, Black Suede Block Heel with Patent Toe Cap, Size 6/39",26.69,Pre-owned ·,Sold 8 Jan 2026,https://www.ebay.co.uk/itm/406462012444?_skw=YSL+wyatt+boots&itmmeta=01KK9TNV17CZYGDG272722VCS1&hash=item5ea3061c1c:g:PRYAAeSwtItpNwkm&itmprp=enc%3AAQALAAAA0GfYFPkwiKCW4ZNSs2u11xBCej7ECdqzTJ8Y7ZCDFUnzfsskWcQs0mxpG0E57iKG1rUptD85cuYT8NWeHqQNqE2rANfzV0ZXjxZ3OPzHmMjQo8QDWlqAbirlvvQ9MfTXYPW4fwo8RQYV6wis7lN0se%2BnS6Y%2Fky8%2BZ4Fyn4XZ%2FaPiOwGTlwgdpHEI%2B4zS8EZEw76BHMRXgd6aEhyAAyyIUia4Jty7ZL8T%2B06KPIc8Ogkt05vwIAD%2B6Tfp3IUpAgleA7m8KHfW7rg9hj%2FUjxuruZ0%3D%7Ctkp%3ABk9SR_Sw17qaZw
Polar Fox Wyatt Mens Casual Comfort Engineer Style Motorcycle Chelsea Boots,12.00,Brand new ·,Sold 4 Mar 2026,https://www.ebay.co.uk/itm/224957530160?_skw=YSL+wyatt+boots&itmmeta=01KK9TNV17XP7XX1VZ19MTPRXR&hash=item3460838030:g:QqYAAOSw1fhiZ9BK&itmprp=enc%3AAQALAAAA0GfYFPkwiKCW4ZNSs2u11xCgOUXWe8DOJNwjCOz4r26ZcbrFA2nM1EwYFfztfCfYAgL7T93oSscV%2FlMG0hYPlk61lQt%2F4fXcZ35OJh3CQHm0Jgs2N32Sewd2w%2F%2BXrOCoFOL%2B%2Fb5VI0%2BiyrOQ3zyX9rPTHnGgLFCmVs1YdgSPgsMRIDoZ3iRYeHpo%2FXm9CLx90ldgHDV0FkNWwPNwabYxdYLtnyaPZWyS1hzxSFoNurfWrzrgpR8nBBOTEzHa7L9bC7uULVjjUxvszbuUF0ijhY0%3D%7Ctkp%3ABk9SR_Sw17qaZw
LK Bennett Size 6 Black Leather Ankle Boots Silver Toes BNIB New In Box RRP £275,103.66,Brand new ·,Sold 14 Dec 2025,https://www.ebay.co.uk/itm/177567337459?_skw=YSL+wyatt+boots&itmmeta=01KK9TNV17EQW59JYJRJ4V3PAT&hash=item2957d68bf3:g:obkAAeSwkMZpE1Dv&itmprp=enc%3AAQALAAAA0GfYFPkwiKCW4ZNSs2u11xDj%2BCKq9r0xt0t%2FIY9zKytmx%2BTk5paIjZJ5zE%2BaSRv2pEw9a%2BU%2FYDTkduBqIWAvygvG%2BW4k44MFUX7krjuh92VI2C%2F7xqM%2BH5Qbc96l78j6twFEayTSYSCYZ37i9d%2BGGEeKHPMium58A1n9%2Bp4h0StsPRzMsPRAItCuA2WS3W5MCsHgYrnr0ShvJS8458bO5%2FOjfeaCaK9rKxZ6MUUfqH5ExxOPWtEZ0P8XdHHxiUVnzlhjPCabjO3WSu0gO2B%2Buvo%3D%7Ctkp%3ABk9SR_Sw17qaZw
"Yves Saint Laurent By Tom Ford A/W 2004 Ming suede wedge boots, EU40",295.00,Pre-owned ·,Sold 13 Jan 2026,https://www.ebay.co.uk/itm/257287718218?_skw=YSL+wyatt+boots&itmmeta=01KK9TNV17BJ65AJFM0KY0W3A7&hash=item3be78b054a:g:d6cAAeSwz-poxXwo&itmprp=enc%3AAQALAAAA8GfYFPkwiKCW4ZNSs2u11xBZj4X9hM5BiU7yiuL3gjgr2IkdwShhyx%2BJcPb5Ey0iUTzZXMrKglR3vfKhA1tuidMPlUp9RVDj15%2B97Cj044ZVdwH4u%2FnPoPiCFaXyPwsQhsM7SjNDmp9d9T7PuZgbKAC3LdImVHCLaYZBGxLgSrVmjjBtm%2B6FHiSo9DFkFWSCf%2BhTkAWAy0J57yNWWPDKblxLK--HcyaDSh4Bh2A%2Bk5kU8fBsIzMxe0wEqqumeu5rMR%2FmYXj3mT33zolDFCuhBXgCqz5ZRuzwHywj1dyjfrGnK%2B5C3rIlB%2FT37TFdwBBa6g%3D%3D%7Ctkp%3ABk9SR_Sw17qaZw
Saint Laurent Men's Wyatt Jodhpur Boots Sigaro 12 US / EUR 45 Italy Designer,193.76,Pre-owned ·,Sold 2 Mar 2026,https://www.ebay.co.uk/itm/287144032586?_skw=YSL+wyatt+boots&itmmeta=01KK9TNV17J1685684WFTCM5GJ&hash=item42db1e394a:g:zxEAAeSwirJpkhLl&itmprp=enc%3AAQALAAAA0GfYFPkwiKCW4ZNSs2u11xDCJkiGca9IY50kKUNPMwJSKmFRcvP7t6L5OmDkaq5czYXEKyjCk0%2BpP3%2FYuKaCoBE7sN%2FLuFyxsv%2B5oUfnsPjuSM4Wie0X5X6S0Jkowut7ZbpnZQrVdjSh%2BXoQPQ0iroA0ddqrjz76ZsZtwP1i5th0H8n8Bc%2BqXh7epyryd2Tyc6e1oiFpB4Ojw%2B3IPrlnk7GMuFIHuQ0sxM4SGUN0QWKKRu1Cxr1Sn%2B9TfGElRKa2jRoDoczQT4mH6pUdeOb7zb0%3D%7Ctkp%3ABk9SR_Sw17qaZw
YSL Mens Saint Laurent Wyatt 30 Chelsea Boots Icon Grey Suede Size 43 with Box,330.13,Pre-owned ·,Sold 28 Feb 2026,https://www.ebay.co.uk/itm/389365439177?_skw=YSL+wyatt+boots&itmmeta=01KK9TNV17934JBQ3V4D38BFX1&hash=item5aa7fd1ac9:g:oCAAAeSwZzFpPIj9&itmprp=enc%3AAQALAAAA8GfYFPkwiKCW4ZNSs2u11xB556Sp6Y1Grele2BTfEVL85ify7SkYsg2iDpf9GaWUBMp%2BFEX9oTdAmXJ35GEmcvEJAwBoTcFULIr3LjMTBDN7I8kjtTA9iEbD3mhbu54ewU5FZa8kc72mTsd9atf3dzUdQJTNwwfTJYkRQ6US3f2L7RDYsKx4cXLQYvAofAY0BtTnQCZgQOg%2BNqpH8BX9EYbwMPtnStNIqv%2BitkDByVDCfmdKIKbJnYa%2B4BhHAk8q%2F5sG%2BftYxOKpQ2qXDwvU5oQsSxjKb2FmOK6Nizu4ajpQvvS6ziXmi%2BgwN6ajZVZKOg%3D%3D%7Ctkp%3ABk9SR_Sw17qaZw
FREE TARIFF-Saint Laurent YSL Men TOM FORD Roy Jodhpure Chelsea Boot wyatt Shoes,484.60,Pre-owned ·,Sold 14 Feb 2026,https://www.ebay.co.uk/itm/186176324398?_skw=YSL+wyatt+boots&itmmeta=01KK9TNV17QPCRGHDBCTP3DRN9&hash=item2b58f9432e:g:7RYAAOSwr9VkOYuS&itmprp=enc%3AAQALAAAA8GfYFPkwiKCW4ZNSs2u11xAVIEA3Y6qMAMmWbROd77SWlRvhcwKIv2K9hnA6AGhd3wlYFOZQDBt5wopd6r9Emji2%2FJwRcMPadw86hUgTHsRf3vgZzmz1AqqtxfGWpQcruvvPFUu3BxZttl0YNHV9Zu%2FfXPje7jieM2jtHmW09LR%2FGj5CLS29%2FPf888uFskBgTHdk1mqGGY8fI567L592GRiOPCbvYp%2B3PkYvXfrK1hb0jZgttGUw0cRhX4aKhR%2BESlJjbZlK4B9Kobi2qY2eNW%2BQOWL%2BQI0%2Fe7gZ94Rq4mOSghonuuY8DAuq4nTyVsKQVg%3D%3D%7Ctkp%3ABk9SR_Sw17qaZw
YSL Saint Laurent Wyatt Harness Boots Brown Suede Leather Men Size 43 / 10 US,365.31,Pre-owned ·,Sold 27 Feb 2026,https://www.ebay.co.uk/itm/358195603780?_skw=YSL+wyatt+boots&itmmeta=01KK9TNV17XDHVZBRW9RR0RWB7&hash=item53661f2944:g:UAwAAeSwXgJphlNQ&itmprp=enc%3AAQALAAAA8GfYFPkwiKCW4ZNSs2u11xB7fncnuYVo8eKvqfxoB5MiJ372TCDVpbKWEf%2FuCe9CUoNaPVpjOAUzCULSye2S0dr3C8fKxg5NpcnscdC9hBxOzvYaEeqZjqKDeoZ2DO7CXbpQqwvoC%2B%2BgcH702rRwu6BNyZFJcIHpvjubaC5DAYVOKZfD8pwlIFIqCbxXzDN2zdLTCB4gH%2FDSJ1XI0Nhcezq01T%2F77R8jK6fQdFihBC05bR2KokV0gqCY7vFtT8xdU8IURdTcoh%2BDgjWgK%2Bj74psM4SEOqzf5t0%2BKIWBfyuMuJB%2F4okODLoNXt5Djb2AKsg%3D%3D%7Ctkp%3ABk9SR_Sw17qaZw
Saint Laurent Paris 'Wyatt' Zip Boots Size 42 in Brown Suede,298.22,Pre-owned ·,Sold 26 Feb 2026,https://www.ebay.co.uk/itm/406569459131?_skw=YSL+wyatt+boots&itmmeta=01KK9TNV17Z0QKTE7BNV1PZHS1&hash=item5ea96d9dbb:g:1ooAAeSw6z9pXFs6&itmprp=enc%3AAQALAAAA8GfYFPkwiKCW4ZNSs2u11xAndDsGoyUJwE4o2N0IrUyia4NSZAXa1XqvcGmnp%2B6HbFFczsirbRYZ82ciCU94MfGvEOll6ZmwgrdT0518xddxcuWaE8%2FEk6ZF%2F3MsopdyDUfCpPrVYmi%2BJJffIWVWDIZoKxcpR7YquypNxBjzc2kq%2B5GIvWTm8pazy9DWyD7ISyykgP39NT4tSQvE%2FrA0%2FkfdAC%2FsgeQDu8O9qtY3spC7vcrjCCnOADM6TN%2B%2F0tsd1OXt6YYEwZycwHrQxQuHyD9r0%2FWcIUdk1%2BBlZnNBBKnQgozxYu1qsNXkpiIWLUYocA%3D%3D%7Ctkp%3ABk9SR_Sw17qaZw
YSL Saint Laurent Wyatt US 9 / EU 42 Black Suede Jodhpur Boots,410.05,Pre-owned ·,Sold 26 Feb 2026,https://www.ebay.co.uk/itm/326922553234?_skw=YSL+wyatt+boots&itmmeta=01KK9TNV17WQ671HSTDJEC0510&hash=item4c1e1a4792:g:nyMAAeSw1NdpSClC&itmprp=enc%3AAQALAAAA0GfYFPkwiKCW4ZNSs2u11xARwclPqBuMXqs77NcLwAMMHxcaUXfhcpYNEjsvPURnmV0AZ%2FbfgjKQugo6HT1SLqueaLDVMnMYFCLg8IqkJq%2FdyQBLwwL8VsNnlo66fqpqsdiHv5nU8g4--X%2F4JcjlFJ4WX2Xe5GZYscanhB3BxeueKyTkjxHU57upRj6QkWyqsV7WoOCIvJ6uiGudm%2FAgsFcAC%2FPuW34bwGH3VFl8ODwyrCOEuS5X%2BeRw2Kt4jY%2FOF3sqf3Z9OBPI1CAPt2mr2y0%3D%7Ctkp%3ABk9SR_aw17qaZw
Saint Laurent YSL Wyatt 30 Zip Boot Black Leather Men's 41.5 US 8.5 485141 + Box,257.21,Pre-owned ·,Sold 23 Feb 2026,https://www.ebay.co.uk/itm/277740822581?_skw=YSL+wyatt+boots&itmmeta=01KK9TNV17HCJ4A9D1A1NFVSF1&hash=item40aaa4a035:g:57EAAeSwAiNpmAfi&itmprp=enc%3AAQALAAAA8GfYFPkwiKCW4ZNSs2u11xA9k%2BS6fVbkOaHQNd2XXddUe0oOipD%2BF%2BgE3h2XnQ5%2BxVF2y%2F3ZbzhjbY%2F7PJvxyGPzcugPyKT1%2FL8HwK5ZvkROiCsPhTZdiU05OU50Hy%2F4HXvPGeKYPJftYg7XIhy%2F9A5kVu6WyspHPxguRsPm1yT%2FKqoSDOZVQoFeqTpkEK11pkV964THcMeOnkZ4MfzVoIhDqwc3AiEYLqqovo1PDL6g9zUPa7Efv95TOZuoCpDjbhB0%2Fvb81kTG3qlTdbFXd9Wt9R%2FXXQkPa9A9yc3mM6zM5VzWo3uS9G0mF0C8ICKeAg%3D%3D%7Ctkp%3ABk9SR_aw17qaZw
YSL Saint Laurent Wyatt Harness Boots Brown Suede Leather Men Size 41,279.58,Good Condition. Comes With Original Box/ Dust Bag/resol,Sold 21 Feb 2026,https://www.ebay.co.uk/itm/267579191922?_skw=YSL+wyatt+boots&itmmeta=01KK9TNV17SMY37F63C2CHV36N&hash=item3e4cf67272:g:LwYAAeSwMXtplO4p&itmprp=enc%3AAQALAAAA8GfYFPkwiKCW4ZNSs2u11xDac6p7G4f1W1miw%2BH85tIsaQ3NAjnAscWUH47w5Fy00UsvEfeQB%2BhJZpGt0JzTw2ACkj6i%2Fxge85xejxT4k7WFxFYhMVuw92YnYmHbCD0j4GpSBzFlOZOYccF41KEaagMNM31EYorTc%2FpmFVqJN68fq%2BS4Bujeu5GcXuFSMC%2BMoWTIDlLpUnvn8AiNU8Thr0KK76IXy4ghl4OkCfHOLMkh7ChB14ZmtAGfDUfbXI2zVQAsW8iJxduH0KwGc1iukngBpvwmXEzpvHmKDf4aNU%2FckwrEE0v%2FZ3cA5vxyxzgeqw%3D%3D%7Ctkp%3ABk9SR_aw17qaZw
Saint Laurent Wyatt Jodhpur Boots / Size 44 / Suede / Brown Tan Nut Ochre / YSL,238.57,Pre-owned ·,Sold 16 Feb 2026,https://www.ebay.co.uk/itm/286449168749?_skw=YSL+wyatt+boots&itmmeta=01KK9TNV17PK4VJSESYPJSYDQN&hash=item42b1b3716d:g:DXkAAeSwj3Nn6Woc&itmprp=enc%3AAQALAAAA0GfYFPkwiKCW4ZNSs2u11xBP8V6r8LnZB1FNm4y3mJXH2g7G3NcSlG6BIyjj9FOLOIkKde2KWJ5X9YBGUeamPSypxNYTCqJQTSe7wgmpwW1JuhgizOOqo28fg5iVUbaw1GWjCN7iyzBdr62%2FLS22wyPkbj5BlL5%2BFTbz%2BQpo%2F679fWg%2FzaDRhT%2FzCTCPv08lBbgrXij3fcK7Kgk%2B7C2xFoqfle%2FBeNObURAJPUs656ir3BWpEO%2FRJ3re3IGpKsoStq%2BoSvnhgUJ9bDVWDGk8cKk%3D%7Ctkp%3ABk9SR_aw17qaZw
SAINT LAURENT Wyatt Brown Vintage Effect Leather Chelsea Boots New Size 40 US 7,483.86,Brand new ·,Sold 29 Jul 2025,https://www.ebay.co.uk/itm/336065497574?_skw=YSL+wyatt+boots&itmmeta=01KK9TNV17XKEW4JEEAR7FNJWY&hash=item4e3f1089e6:g:yq8AAOSwD1JjX3-W&itmprp=enc%3AAQALAAAA8GfYFPkwiKCW4ZNSs2u11xBQ0lsup%2F0RHkXNEmuwGmHQ89A%2BSiACKQ4TWMRQMoL9uRtJUeugYY6X7bhwi5ABCysxmrdJ5%2FAX%2BF91XRy3qlDqwwegQWR3S3NyoeW1o71OjcZ4g6pmxJXxy%2B2Z5Y%2FiL1xl7hHRQzNsCkE0dKCcq4rtUbfYd7JlyXTxW1Xaj43jykDIgu3WG5iD%2BQRza0EHj856RUkQKg7RcD3slNmCtrBwZK8smodb0HwaAZFjLSidP6XpfsMo%2F5sZK%2Bvgyfetj7x27EdSLYTsKOPQPmueyxvveg8yTtfU8q5CQxz9KaZncg%3D%3D%7Ctkp%3ABk9SR_aw17qaZw
"Saint Laurent Wyatt Jodhpur Boots / Size 43,5 Suede / Brown Tan Nut Ochre / YSL",186.39,Pre-owned ·,Sold 14 Feb 2026,https://www.ebay.co.uk/itm/168140883382?_skw=YSL+wyatt+boots&itmmeta=01KK9TNV170DJB4RBE9TEJXP0D&hash=item2725fa45b6:g:FbsAAeSwbKFphn~2&itmprp=enc%3AAQALAAAA8GfYFPkwiKCW4ZNSs2u11xBvke7IJr%2BtfRfVpK5j736XFjM9%2FzLslsLSyJgitop8aQUecI0V0j150adznI2ihnh%2FnPmUzUjScB7XHHrjVQKUQKGxi4mTvT2PXwDMfy1yPXxLxyw2R88LFyPVdohfqXRgvzlhOzuTLaY9ZigTUTB5qIS2ANQLFPLy5Enx%2Fuicd5VBXIak3fy1WLaKmTTTZ29ySOasfF%2FvyACAntHq%2BdMm2VMxbP1KLA7OC%2FJTgzppkAt%2FH3LbUSbHilCDrFLvYbm8fJFpOltSNhgW5kWPzuCq6Hpty7EdzWz%2BpECZcVDhRQ%3D%3D%7Ctkp%3ABk9SR_aw17qaZw
$1450 Brand New Saint Laurent YSL Wyatt Harness Boots 41.5,804.29,New (other) ·,Sold 12 Feb 2026,https://www.ebay.co.uk/itm/326848239154?_skw=YSL+wyatt+boots&itmmeta=01KK9TNV18PH4CRGHK5B200420&hash=item4c19ac5632:g:a7AAAOSwzzNl3pzN&itmprp=enc%3AAQALAAAA0GfYFPkwiKCW4ZNSs2u11xCDexKemsLWAMo5P%2FXD4y54qOjxiFlEUJSlisAXMLUl59UrqjrAcPOPc%2Bh%2Bu%2BUwLyETbr1rgJ%2BWZd0uv8TZbge4t%2FrInISqI7YRQcgB1BeRMRmT91b1AGCR983X9V5HfthUNS5B%2F0lspS6fpDcCA4r62TpRPVV1wnaF3kLwuyQOvzLdHEAWZ%2F8ZnmWzqdcKL44jn6vMRPX%2FWsRauKPWR0hd0rFwCk5xw%2BPNzELrnM61XEG97qMc56wtKQLOd0MdPA0%3D%7Ctkp%3ABk9SR_aw17qaZw
"Saint Laurent YSL Hedi Slimane Wyatt 30 Jodhpur Boots, Size 44 US 11 Silver",208.75,Pre-owned ·,Sold 7 Feb 2026,https://www.ebay.co.uk/itm/188023179967?_skw=YSL+wyatt+boots&itmmeta=01KK9TNV182CY671EA6HQ9B4SC&hash=item2bc70e0abf:g:aQkAAeSwsoNpSUlX&itmprp=enc%3AAQALAAAA0GfYFPkwiKCW4ZNSs2u11xAtHH0j0XoaDI%2FR8PYSmEQZnR9gKmwkJTq0Vx6DlybwRylZROQY%2BgO4eOr6RrI0YQcq14x%2BUPs5kpmmFFYhay9eQLUI5IqbDm64WR%2FJrOzpWtjpQ7KUbdrb%2Fo6lMNto5MBL1sfbO%2BSCVOMtq8IKUgM7AKMGnTZfAkOR%2FO%2F1nKdi98nWfK%2BDCGJVGwwF%2FYbQFsVFjGM8FZILbBVXJPkpEsg2Ta559lGQhkaKQ3c1V2dU6d66ig%2BPoeqSUhwH87WxW3Q%3D%7Ctkp%3ABk9SR_aw17qaZw
Saint Laurent Mens Black Suede Wyatt Chelsea Boots Size 8.5 EUR 42,214.72,Pre-owned ·,Sold 5 Feb 2026,https://www.ebay.co.uk/itm/127610437690?_skw=YSL+wyatt+boots&itmmeta=01KK9TNV18BY3FS14VN1PNMKZ2&hash=item1db62cc03a:g:EwMAAeSwZAVpXvfQ&itmprp=enc%3AAQALAAAA8GfYFPkwiKCW4ZNSs2u11xBbgWD%2BGxhaAt6Hvxy5E%2BjkSimCj91dEBUV44ohD3TBmOrs2MHtEoDbdu5E30mz1NxnmtUVUqWhoOcUcj2A0pvWG9Ka1S18Ws2aaUlgDJ650uMeElDBflEw1Yy6M4a7cJuqW5FO932HlObDN23xvh%2B6dj9rfB1WKbEmHAgTnivL4QoOp0ZFpu5yZhoR2fWxWv7JjMgww1Ng4%2FXFbjq2Yq5XZXvTTH4ztvXKg86xr20y2AoEdgvsIzUU9BP0ZzXt3JYmWM8zlUa0UAWHhRKjkcoeZGXw%2FhsAmfENNQJfkHyJQg%3D%3D%7Ctkp%3ABk9SR_aw17qaZw
Story et Fall Black Zip Harness Wyatt Chelsea Boots 45 11US SLP/YSL Hedi Style,186.39,Pre-owned ·,Sold 3 Feb 2026,https://www.ebay.co.uk/itm/389414247763?_skw=YSL+wyatt+boots&itmmeta=01KK9TNV18CW5AW32RK4P0VCWE&hash=item5aaae5dd53:g:fgYAAeSwjqtpTS7i&itmprp=enc%3AAQALAAAA8GfYFPkwiKCW4ZNSs2u11xA4MV7z%2Bd6ExbIpvS5fUvOyK5vUnBtKLzLCjtprBjGwPQih4d%2BSee%2FKiBMq7gxR09CCPQZM%2FWNju6lhURA%2FbxSb7GB8UmuEjeHvuQO17iwxvJufXwN%2BZ8jyCbZS2nFV5XPc4vLbKmkSoUZ%2BMBGbnsbuD9aLQZjbgrN7Ffdp%2FSua5%2B4u4zHfTukJrLLb4N%2F6Egkl%2BEx6sWbsOC%2FCj3vbLkjbQjJl%2BoE2OkOLeSW%2FeUuWETWsAl9X36Z9dB%2FaEi6ZpKnfvqsMHQkrxzPsXmoQL1h9GVbeHiL5PeMDLSLA9kNLsg%3D%3D%7Ctkp%3ABk9SR_aw17qaZw
Saint Laurent YSL Men Roy Jodhpure Chelsea wyatt Boots Belted Sz 45 12us,149.11,Pre-owned ·,Sold 2 Feb 2026,https://www.ebay.co.uk/itm/157652156687?_skw=YSL+wyatt+boots&itmmeta=01KK9TNV18ZZ1FBVXP0HQW4K5E&hash=item24b4cd010f:g:~lgAAeSw00hpd9ku&itmprp=enc%3AAQALAAAA8GfYFPkwiKCW4ZNSs2u11xCpKdSk%2FRwdEhlQJnntaUxrkL8%2Fj89DlDHFUtlBDbtkLOpo6StDdrmZUQFBhKeNYYevtU9EDusXhwdQ2vpOaSGwee2kgHxz5fmXuUUFT9W3kojmZlHtsjs7990QgLfJMiYt10RrQqCVoD58Er8WtzCVixp2wuXobo1M6FG7XGJJBmw0f%2F308ssDem3OBIXJp0eOi%2BfgrtR17Fzk6BwkNQ7%2FqZysuF9y9Qx8R8s3lFVmcjP8NfzBwkLtbH%2FIiLA7ZpmrS4vpCDqgMY8TmLBQ5llWiYthBgFuKZNPPztC5j8xYw%3D%3D%7Ctkp%3ABk9SR_aw17qaZw
HEDI SLIMANE YSL WYATT Chelsea Boots Men Suede Leather,260.94,Pre-owned ·,Sold 1 Feb 2026,https://www.ebay.co.uk/itm/358154255850?_skw=YSL+wyatt+boots&itmmeta=01KK9TNV18TW162Y3HNMQ5WKHW&hash=item5363a83dea:g:POEAAeSwyztpdmqg&itmprp=enc%3AAQALAAAA8GfYFPkwiKCW4ZNSs2u11xDdf3G0AhU2PQgR7CeqX4TRFygo3S%2F3KxRpcU91wrZnx7BD8PUEbwGWFe%2BA5yWRej4EMHrHBKOorEKn1Zr4Cr6E6Bkw58n6N4VDLjx1fqI%2FNfVyfLrJMzuf2rFCc29wq4SNScwUxFZ3EDcznozoC21ADIcic5VCLNn2FvHZ5Pzsyzl5L3paZPKXyXl%2FQgjh1%2FbZ4jUbfPWO9Uq8SYinlf19GTyrZLbuTXV0GMJhNe%2B%2BPfZogvlLr3CXk1SyPEU%2BkRaV4tq30i%2FufKRlLfPDQoTxbqIkrKCjKTcivjmqjA7aSQ%3D%3D%7Ctkp%3ABk9SR_aw17qaZw
YSL Saint Laurent Men's Wyatt Leather Boots with size zipper - US Size 10.5,372.03,Pre-owned ·,Sold 30 Jan 2026,https://www.ebay.co.uk/itm/116906631209?_skw=YSL+wyatt+boots&itmmeta=01KK9TNV186V00463GKXAF11WZ&hash=item1b382da029:g:uekAAeSwXtlpLP~G&itmprp=enc%3AAQALAAAA0GfYFPkwiKCW4ZNSs2u11xDVrhDSQQe5bV8Psk60O3RKMc98RcHPIO0yCBlz8VbNL%2BzkcKYMjN26iPno9Y9Dca2hSHbhunY74Cii7vn2mH2%2FreJXsNUPSb%2FBmj5sUIySM5XV%2FhHGJK3PTZce%2BCRJB%2B8yMokm0ddHlNMMZe4FwZckHKzjRfEczu5r3zOuYSUbmq88PQA6gQi4Yyf5YBRavwQol2BsGbU1%2FU6z9BLhUG0gwhM8hR6YfAlQpYhqeL3CZJClrmZaDYnM%2BfSrqIvkehM%3D%7Ctkp%3ABk9SR_aw17qaZw
YSL Mens Saint Laurent Wyatt 30 Jodhpur Boots Black Suede Size 42+ with Box,465.22,Pre-owned ·,Sold 24 Jan 2026,https://www.ebay.co.uk/itm/389365448225?_skw=YSL+wyatt+boots&itmmeta=01KK9TNV18CEHR2YNWMWBXZK05&hash=item5aa7fd3e21:g:MscAAeSwYNZpPIpC&itmprp=enc%3AAQALAAAA8GfYFPkwiKCW4ZNSs2u11xBX9gHfmCRhbw7e%2BQkM4MA1eSidZ4wBtDBUWXlrF0siF4%2BYFQUEyIO%2FzEs5eSPervzgKglrD576RN0cSCvEyZmKwHYF4EOlRoDU28GxJ2oYb%2BENU8Nx40mNLA8H3YpKo935Q8GKxqtXYmm2ou6PzD3TJU8edvxtByVd83QwMuFexXE5n0wL1hMhib91Y8Jc%2FIQMrIrV%2FdxYnpjJr%2FKwUHmgXX5pRt4xIZjrtUzpYBIKmto2O%2FdvSNWxphQ102At%2BOizHk0sMhjKOJbmmYQUYsmmzsft2eMjXa3FnECGCX8%2BIg%3D%3D%7Ctkp%3ABk9SR_aw17qaZw
ysl wyatt harness boots 41,298.22,Pre-owned ·,Sold 23 Jan 2026,https://www.ebay.co.uk/itm/116831371261?_skw=YSL+wyatt+boots&itmmeta=01KK9TNV180ZF6HN6ABM2P2ZMH&hash=item1b33b13ffd:g:cxUAAeSwxUxo8YKJ&itmprp=enc%3AAQALAAAA8GfYFPkwiKCW4ZNSs2u11xAVXNXea6Z1dlLOscHDkA6rbAx6VBTx%2F5bIDPQ7ovBYSFeUyrb94TZ6k%2B%2FcCXFedblFA5%2BMT6CcjxYhvbatDSiinIpqdDGM11OZ9oVaDyPVJ1VG8fqaFa8FxqJ8Q4NmIRf3jaI7COOyZi7ogWCi7Lxx10M8yP68Xcm%2Blo9X5%2F8GOiAXWb9qyXetlMicYxAh%2Fa5m%2BkHBJo2hafZ3U8gOfAEXMMQ6seugFeu3WktKurbYySWZxmgSQ01o%2BPgioq4s36QRF3gPfOA%2FjIzI6GahytNYZHNMeDZ1xNRKEdzbn1hdXQ%3D%3D%7Ctkp%3ABk9SR_aw17qaZw
Saint Laurent Wyatt Chelsea Boots / Suede Men Black Size 46 / US 13 -Worn Twice,372.77,Pre-owned ·,Sold 22 Jan 2026,https://www.ebay.co.uk/itm/115703042262?_skw=YSL+wyatt+boots&itmmeta=01KK9TNV18JHYCSQYE5S2AVCJC&hash=item1af07050d6:g:rgsAAOSwhm5j50mx&itmprp=enc%3AAQALAAAA0GfYFPkwiKCW4ZNSs2u11xAleOWws%2FZWBiaP4toQF%2Fr%2BveSKAFeQxxs%2FWRO9aD6pyuuIlCG3kx%2FAukUljG4Cg9XSMjXjfA4pUEZOw4GdPrU4EOPSim0H%2BCKJ%2FSt8zSxe3cp0BQJv4iHPvkcS9ZZxHFGTIwpTV4z3Ki7BzUimakJVo%2BBLtBf7L%2BWoMosx%2FA%2BiKanfpsaWhWhcTeWezId4n3D1Jvsa46dS7u2DInxDB8Dp5kGe50aGjb5n7TRvra0K1oFEkZ78bh52cXtF2sc1pbk%3D%7Ctkp%3ABk9SR_aw17qaZw
ysl wyatt harness boots 41,318.72,Pre-owned ·,Sold 14 Jan 2026,https://www.ebay.co.uk/itm/116920263071?_skw=YSL+wyatt+boots&itmmeta=01KK9TNV185NQV4PKV8EJS4BV9&hash=item1b38fda19f:g:BYQAAeSwuW1pN01i&itmprp=enc%3AAQALAAAA0GfYFPkwiKCW4ZNSs2u11xB1jy4mQ088kk7fSAbyzgxU67oZ96mMOy%2BkrSuvtR%2F9D2xNIG4%2BFXRzwqkL6QNr1yyaRiPCInD87X1ZhEqqvtOnef9ewf5LLVTUFsIbsi7pbnoUM1icfm%2FRBjIs4SGsgAfmozYTPW0R4tuk9%2FE2Pl8YanFT%2BUxSw8KDOdna15VLpczVNE2FoZnqVxEfFIIDvcomvnA%2FS1VKLmHnfz%2FrSeSjujN%2B3em4pbAFAgvtZBwrdxx6jwc%2B65HXbUmUpHyWhDM%3D%7Ctkp%3ABk9SR_iw17qaZw
Men's Yves Saint Laurent Wyatt Harness Boots-Smooth Wine red Leather EU 40/US6.5,586.36,Pre-owned ·,Sold 12 Jan 2026,https://www.ebay.co.uk/itm/397331065136?_skw=YSL+wyatt+boots&itmmeta=01KK9TNV18W4Z1QT6RY9E5C2JG&hash=item5c82c6e930:g:sYkAAeSwjVBpKXsh&itmprp=enc%3AAQALAAAA8GfYFPkwiKCW4ZNSs2u11xD%2FBjZUQ0kcmDGjZi2WXAK0Eyv13u52UThcB8v4T4kDI19HGCcj1Y%2BwzH26GBE9%2Fgj28Zx7UHVTNqfFjQN43UVqEP8uWlObMbIjiHfMU3sZlgr%2B1vezRbwAdoau%2BvBZ4BWnMwrLsnPTbzddTZLCqA9JDwddvUKCR%2FYf81uVxxKv9mrlfpaSQG2PFrUVZeGhuReRm%2B8XxkkegqWY%2F9P43IVEXLMBjx7hCTvzzcsI%2BogpRSAqwAoBcn7CRf3Dzh5Rx%2FicwQmvGfMlJqIZldk6kCby4sWTnDbE6QJ88ecwGF4UAw%3D%3D%7Ctkp%3ABk9SR_iw17qaZw
YSL Saint Laurent Wyatt Jodhpur Suede Boots Mens Beige US 9 EU 42,111.09,Pre-owned ·,Sold 11 Jan 2026,https://www.ebay.co.uk/itm/257293267456?_skw=YSL+wyatt+boots&itmmeta=01KK9TNV1812CZG4HAEH7T0WTH&hash=item3be7dfb200:g:0PEAAeSweXppWt18&itmprp=enc%3AAQALAAAA8GfYFPkwiKCW4ZNSs2u11xBK0%2Fsf2LxLEI1G77I%2BKorArT7qcURXKy%2Bz%2BxPjT5f4Y7oKzB5eP0xMOnV55Qbv0fsXaw6uk9ly2J00xcs3W2%2Byza30Haa3KaerJp%2F8Pi2f%2BN0FvjFLbCtct8EMCMGHlBVQ1l8BNhPpv2TpqZu%2FiPViCidle0sDwllEMiiFJk8GRJPN7MoOgEXA70P6v99od3To0r0WaWEVKTZ%2Ftbm0JO%2FF1vtYmnRhsyijeO48lajNDJOMTgOyYnoe%2FxrPOxWDZFVeaPBM7wwj2Mxwg1MfIVidvT7BKe66zlg2hMRdvh3bXw%3D%3D%7Ctkp%3ABk9SR_iw17qaZw
Used YSL YVES SAINT LAURENT Wyatt 30 Jodhpur Boots Sigaro Suede Size 43 Ankle,205.02,Pre-owned,Sold 6 Jan 2026,https://www.ebay.co.uk/itm/285607966068?_skw=YSL+wyatt+boots&itmmeta=01KK9TNV189BHXS6VWMB3KXBKC&hash=item427f8fb574:g:CDEAAOSwo3Rle5jC&itmprp=enc%3AAQALAAAA8GfYFPkwiKCW4ZNSs2u11xBtkf3HncWPFK98DNj9JZJvtHiAD0UEENCJ0hFQmm6EXdXJhSQFKIegzjwQC6yY2cvxROCxjW8rIaVgIQUEqXtm5Ch%2Bigua4I26OTYlm%2FdSIrShVEWtGhqpQpSjHFq3%2BRfCeBK%2FBlplUsu8m2SMGo7gSTT6xOhahfm17QoCXSjKaslwl8gwtwzfW8VtN0pcisDSkjiW3j9Fri5r%2BJ4Z9RX873UFSLQ3RVxx2n1c6fz2dvFizkF9wxp9WUvScYJ6Fr2s93Xm0TpqOn2ikr7KuwF85maXqSxhM5M5u%2FDUo7NIVQ%3D%3D%7Ctkp%3ABk9SR_iw17qaZw
YSL Yves Saint Laurent Wyatt 30 Buckle Boots Black Suede Size 42 Plus with Box,290.76,Pre-owned ·,Sold 5 Jan 2026,https://www.ebay.co.uk/itm/389365390753?_skw=YSL+wyatt+boots&itmmeta=01KK9TNV18H7811SJEMYDFXX9C&hash=item5aa7fc5da1:g:rbIAAeSwQxlpPIFd&itmprp=enc%3AAQALAAAA0GfYFPkwiKCW4ZNSs2u11xCdqdCb7CzF%2FEQA%2BLLQHlE6VoSRnVQQrIAerOlcFdgZ%2BmZftVg0e3moGspxPeIUa95BePns6NYE1ubQFfxip6NTB8rOMuSrKo1wbKrhAvOZ8CH5BNUjJtK%2BXFcnqFAbtYy33IpmU1UBezQdvEht7vqMhnzU%2F0cYqOUdk3AgLi6ur83MMh6MiLa3TbMvNueMaTlgCEq00xZisate7AIeLOOuPw4NDmgmpRigOPj45Q2MtHAnwV0kDwVv4oY1sNkPmrQ%3D%7Ctkp%3ABk9SR_iw17qaZw
Saint Laurent Wyatt Jodhpur Suede Boots Mens Tan US Size 8 YSL 41,215.46,Pre-owned ·,Sold 4 Jan 2026,https://www.ebay.co.uk/itm/167030593959?_skw=YSL+wyatt+boots&itmmeta=01KK9TNV18BVD33PFEBPXD4PYM&hash=item26e3cc99a7:g:7i0AAOSw0mFnEaud&itmprp=enc%3AAQALAAAA8GfYFPkwiKCW4ZNSs2u11xD%2FK4Z553dTraY%2Btd6wUn9CpBbx8lXYlBCAo94uRBzE3KWHKOcQ6XVdOsykRf7PcFZXx2zqhhHUFmLnMNShl1ClseRIVKABP6KfkRKlztbKuq%2Ft2XFvjDGoEoqPSEhcYL1XjybbA1H1LtheCZlp4SDz4h5t0vU7BhVI9PWeHuHhd3cp2k6zTDbyZB6pWvM%2FM%2FbNn8QYB6inBx71wAZ9TADcLP9zFRAtL5685QVKWQZCLrO%2FaGHs05mCAuAX%2B8I%2FDyxNMmFGc%2BXF8PDE6sD%2BO1o%2FQP%2FSBtR0xQyIFNiinDvMTQ%3D%3D%7Ctkp%3ABk9SR_iw17qaZw
RRP€1150 SAINT LAURENT Wyatt Leather Chelsea Boots US8 UK7 EU41 Made in Italy,185.00,New (other) ·,Sold 4 Jan 2026,https://www.ebay.co.uk/itm/297877098669?_skw=YSL+wyatt+boots&itmmeta=01KK9TNV18515MKS6D4WCZ0WZH&hash=item455adbd0ad:g:c-8AAeSwfpRpTaDm&itmprp=enc%3AAQALAAAA8GfYFPkwiKCW4ZNSs2u11xAsXSEvnjnrjiX9Sw6w4M7oZnoGxycmo48pn0ZW8ZkKDGnXRxlrGeANMGPlIdH9LSua0tG%2FZTwSK32LjtWWBQy0LBd6DvxyCoDpfuN%2Ft588JybW4JObUirk7iZWHxDIIqjANmDamydtEiI0hR3qM8yhrp0a3yuNlxPMEx2FH6zFL596ZuLGVM4L3gOybbRrMyWexaNwZ7VVQaMe%2B7Dqivrzg36nQfZ%2F6cPG4lrtUTGLu7cGJWNykuOHS8zPHW861jcIZC7agN%2Bmdq%2FD6Q9H6%2BijTuGqMsKc9Hzch8mroegcEg%3D%3D%7Ctkp%3ABk9SR_iw17qaZw
Yves Saint Laurent Wyatt Brown Sz EU 39 Men's Suede Ankle Boots Buckle EUC,245.28,Pre-owned ·,Sold 4 Jan 2026,https://www.ebay.co.uk/itm/197711678854?_skw=YSL+wyatt+boots&itmmeta=01KK9TNV18NX0Z7B7NPD3XKTX1&hash=item2e0888cd86:g:iQkAAeSwR1Nozdi0&itmprp=enc%3AAQALAAAA0GfYFPkwiKCW4ZNSs2u11xBBjPUzLk9o%2B46N1jL4p63%2BAgYt1bcNC%2BS7%2FRv8%2Bk8eLcrYKrOK8vnIjTRwoISHkbEN2P8gSe4WFt1tLZVEWC5EdYWRnQ9FhqZYQagbhkMD4xH1XRW%2BdbcostUXt2QYFvIJHweKLCPeG8qKh%2BHIVx8aLMV%2Ffy%2F640dpIHnx1zMfTqH9pDe29i6pg610l%2FjPsD9vr17nomoQ8f7JsMMCOqcsFe0xsO%2BuyfqJVKiM2rg08WXDYsU%2BcEmnA6xwucm%2BCWQ%3D%7Ctkp%3ABk9SR_iw17qaZw
Saint Laurent Wyatt 25 Desert Boot,708.27,Brand new ·,Sold 4 Jan 2026,https://www.ebay.co.uk/itm/156448836915?_skw=YSL+wyatt+boots&itmmeta=01KK9TNV18Z4AKFHZRG85PKB6H&hash=item246d13cd33:g:LHsAAOSwmOBf-Lt~&itmprp=enc%3AAQALAAAA8GfYFPkwiKCW4ZNSs2u11xANouulzyJs9wqkQpsnCO4Xt9BOwxXvH9OzfWk8ui9owlhgNFyamH34UhgM7t2K7r70DXc%2FNQ69%2FgeMZPsb82m6hTzPJJIdLuy3LyvK7PPCpudd2nM1dn72afhjA7VpOYz9ldmWG5lMSWvvKNlwysRS7GH6uMeNtcqA3LQK8CVfW2FuGoOxOZxxj3X5I1HYgNb%2F%2Bgu1u7oQvxuThfxWC8QUsMnElXrhRsBpJDTo119rcrm0KNfCQk%2BHH%2BSbrZylYp9QEyqamSevrC9Py7wlIKZ0dtkmKFn8m2DNAYJ0HA%2BHJA%3D%3D%7Ctkp%3ABk9SR_iw17qaZw
"NWOT Saint Laurent YSL Men's Size 11 Solid Black Wyatt Harness Boots,Italy,MINT",465.96,New (other) ·,Sold 29 Dec 2025,https://www.ebay.co.uk/itm/116953030400?_skw=YSL+wyatt+boots&itmmeta=01KK9TNV181ZP6C2SHVSPSA92E&hash=item1b3af19f00:g:qxQAAeSw7EVpUfmJ&itmprp=enc%3AAQALAAAA8GfYFPkwiKCW4ZNSs2u11xCi9qBPlgj91MX6UwgSxvuuhipYstl2zNhw3XJ52%2BOmLHNJa%2F2syqQB5xCY%2FOFv5bq4R9xFEBm3yuvWs6SULh1GTvXtHmXJRAjfa8P5TMfIvsWyOhHoYkI0xgrNezX3dcDH3WoAJUq07AimT6d%2B2mvz%2F33roFhSoDhi4JxyufZPw0MybY5T1aC0w7QH0iHlxnirTJY6x%2FoZneFXFlt%2B0GdgV9Ovl5apRMi5eLYjUHMilDjKcJXwFy%2FZEVO3R0O1P8wHq%2BTTry90%2FtmUvYaxwI4urhyfaF6s3rM%2FVWMv7wAt6g%3D%3D%7Ctkp%3ABk9SR_iw17qaZw
YSL Saint Laurent Paris Wyatt Chelsea Boots Black Leather Size 41.5 US 9,260.94,Pre-owned ·,Sold 28 Dec 2025,https://www.ebay.co.uk/itm/277563621293?_skw=YSL+wyatt+boots&itmmeta=01KK9TNV182MBGM20FX9DCMJV9&hash=item40a014bfad:g:XCsAAeSw8xZpNkgo&itmprp=enc%3AAQALAAAA0GfYFPkwiKCW4ZNSs2u11xALBNn5hIrQCvXsu97uv6PyPJuZqisaRsd1iTJU%2BDRKCZ3tLmNQpH%2FCbIs64LDbgbz7EW9L%2B7zBgPTAeNYKGrHGySHDXPYSOfMdBQnJIimO%2FIdNv94jwDA2udYpVl2vSOZTOvZjEY84Jbm1aiHvOooKAxBs4WPgJEWl%2BcQSbPRiTm78YoYElKklQvhB4Oeb6frEGuX9%2F0Vy4W4Ur3D1%2BccH%2BnnSqCqgGh6%2FYBHO6Tn9l6MAJoQW5eDR1WqXHRu%2F2g0%3D%7Ctkp%3ABk9SR_iw17qaZw
SAINT LAURENT YSL Wyatt 30 Chelsea Boots Boot Cowboy Otter Size 45 NEW,259.85,Brand new ·,Sold 22 Dec 2025,https://www.ebay.co.uk/itm/116941250498?_skw=YSL+wyatt+boots&itmmeta=01KK9TNV189XZR36A3G39B7YDA&hash=item1b3a3ddfc2:g:cA4AAOSwsHFn8APu&itmprp=enc%3AAQALAAAA8GfYFPkwiKCW4ZNSs2u11xDsDLmSsP5RjIsb5DbLzJocEtMEVx%2FzHLLEvdklg3L8OsJVONJ%2BFOUzwYrZZUUyU1raYccW%2FDp7Fory%2F0kFFyp%2F2GXjdjBLzTWdrwudCnYIEQLtX5nBot4hZzGqn%2B2bZLajl36LkUrmgLviYsLip9%2BfPPGejVRdk87puKFOdJPiBehO%2B%2BtEZDBucyxGx714GMSIWsf0od6QcSD%2F63JjILRPShzoAgOOktbrulm7wGEw6UIUfxIdZG9OCFSwq2XMqyXHVqrzdM3MgEOaghfaF7YyQS5wJzZKPWvuxgPJj12M6A%3D%3D%7Ctkp%3ABk9SR_iw17qaZw
YSL Saint Laurent Wyatt Harness Ring Boots Brown Suede Vibram Sole Men's 39 US6,392.90,Pre-owned ·,Sold 20 Dec 2025,https://www.ebay.co.uk/itm/197920233779?_skw=YSL+wyatt+boots&itmmeta=01KK9TNV18RHBND4K8B5ZJCHJR&hash=item2e14f71933:g:k1kAAeSwQ~9pMESM&itmprp=enc%3AAQALAAAA8GfYFPkwiKCW4ZNSs2u11xCq%2FavyMbfvYyP00tgFGL5sBef9uTTvFOunicURddQwKs8RyOFSc%2FLL6LAHrSsS%2BNyIqXVjsVKFeHNqDpYMYH36VY2s5HL8%2B8iGWJshHHSbP7BqwJfSMqka2UvGwPaPQgvcKlwX8CqrxUOLaqSWHDNVY%2BgUgDvdFAAaPy4QgeT7uw4XmSzwN9GbwhWqA%2FvbQ9w6UCSxtiazR1U5SMfctFzSsziJZbfjqdiy4FBDNIhHPCUTeRlrJFpYeXv3cIMJn4HrnIKNpdu8kCvV2ka4sr7WRo4vf%2FMm8hdFIzzJ%2BvaArw%3D%3D%7Ctkp%3ABk9SR_iw17qaZw
YSL Saint Laurent Wyatt US 6.5 / EU 39 / UK 6 Black Suede Jodhpur Boots,334.75,Pre-owned ·,Sold 20 Dec 2025,https://www.ebay.co.uk/itm/276523543293?_skw=YSL+wyatt+boots&itmmeta=01KK9TNV18BBDRE9T90MWFZ7AD&hash=item4062166afd:g:aVAAAOSweMFmW24L&itmprp=enc%3AAQALAAAA8GfYFPkwiKCW4ZNSs2u11xCDQsf3zsaOGxPmN5TGHu5RxqrQWtba9NuKOfDWvJhR8%2BJ2Gi0MJuWKyNjHCwttNezOCdvgNIfZpuwHVzhpAYLULX2xp24LMLMBaw5jjrrFhnXa%2BncNyGK5UvVuSn7yWM4m1GMeh58Hy1KGtf6SAHKBLwNqMp5vPwluCcC%2Bze%2Fd3YjZl3DvFssQBRRizZG61j027c17zYbozVY0ScUz44YP7N0ECGWVc6Y%2BXHOfI%2FGr7ek43UxAdsmvrhV%2Ba81UZoRfuTLobek%2FLJKvoLtEfDVY9RQAX67B%2FOev6MZFMUCb7Q%3D%3D%7Ctkp%3ABk9SR_iw17qaZw
Yves Saint Laurent Men's Boots - Wyatt 30 Jodhpur - Leather EU 41/US 8 - NEW,706.78,Brand new ·,Sold 20 Dec 2025,https://www.ebay.co.uk/itm/226572109019?_skw=YSL+wyatt+boots&itmmeta=01KK9TNV18B4RTN9F1ZBRCQQB0&hash=item34c0c004db:g:JYwAAOSwbxRnmqHK&itmprp=enc%3AAQALAAAA0GfYFPkwiKCW4ZNSs2u11xAJ6d1pC%2FsVFjZFAUYz4yGVzUg220UNW2fEX%2FPBc8fd2WvPOBRwTxriVX6N9wea%2BtDBhUbIWfISwn08886ObSeDRyLwxWx8Lk2iKTBvrJOKpcMeiSIVIXOLfZ%2Bpo2DyjmDykVyngku9P9yPEVgMrjPpyyD7jsX9%2BOl2upl3EbnqppBFtkjjK4hO9cTuEWWx5wACd6UqZacllZxZdKE8jMmPxq8tlymA0eYJ9geOdtmZouBI4RSViSQwq%2BT79uh21Ks%3D%7Ctkp%3ABk9SR_iw17qaZw
YSL Saint Laurent Wyatt Side Zip Ankle Boots Black Leather Men's 41 US8 Used,354.13,Pre-owned ·,Sold 16 Dec 2025,https://www.ebay.co.uk/itm/116862606603?_skw=YSL+wyatt+boots&itmmeta=01KK9TNV18HQQ1Z7CAC16YHMFW&hash=item1b358ddd0b:g:ZpQAAeSwMR5pCrV1&itmprp=enc%3AAQALAAAA8GfYFPkwiKCW4ZNSs2u11xBwDF4BiXoqSWV5HsKdtp6JA1cMp5LRJM%2BmRUB00MuWgohk6qpy%2B0gP%2F3%2BZFIzblcrHAnM83SfBuLv4vOmX1MLmAqe8Dt16PAeKhsOBgEOM9%2BiksOLHZniEDkuttUXyhR7k8wV26Hhy887%2Fynh9WxFCO8K%2Bg6gUVXsBCeQ9nYSR5%2Bvi4k4qgCm13lKZkzoTGDlrRa60JF0xfabRHtf%2FTOHqxMB7%2B53SVHJMCH5jYO0Lfsa6s2tfbWtUHt9Xbdc08Fuqx2uGByi13bg4NU2WUPhoDSE%2B9roMz0IRmKjckbAzVA%3D%3D%7Ctkp%3ABk9SR_qw17qaZw
Yves Saint Laurent Wyatt 40 Men's Suede Boots Harness EU 42/Us 9 by HEDI SLIMANE,372.77,Pre-owned ·,Sold 12 Dec 2025,https://www.ebay.co.uk/itm/146788141082?_skw=YSL+wyatt+boots&itmmeta=01KK9TNV18CCCCKGJGA7BQ3BPY&hash=item222d41481a:g:tUMAAeSw4UBoqSTl&itmprp=enc%3AAQALAAAA0GfYFPkwiKCW4ZNSs2u11xCHYUyfqbbIRqAI8jGYitxwHtyvprOrT5r%2B0Y0FVaqv%2FTZWx0WO53wmpMVtdLYH1RG7RgDgXqg8P2bC3oWNRA78TxGbzW5vGha%2B71JevmIcl0bnekuXmTsMRXk5UAlBwJNWvHIsh35l%2BW%2F1JvUjMxWU%2Bo9C12JvvZtawfRWw0iPPt9CLHFfTftHvKRsK4DXhq8NVODO1uykpEERvx0Ipj51Xx4EI30%2B8lqRyyC9Umtn8lZ0n3gtxS2fERhk0JMGhRc%3D%7Ctkp%3ABk9SR_qw17qaZw
