title,model,price,shipping,date_sold,days_ago,condition,url
Shop on eBay,,$20.00,,,,Brand New,https://ebay.com/itm/123456?itmmeta=012DEW30YG0MEEKND7NH&hash=item123546:g:acwAA9KNiJowH:sc:ShippingMethodStandard!95008!US!-1&itmprp=enc%3AbgepL1tlUHjMGCVfSTGJh%2BzsVKeJ3CQk7NizDI4BZeppuFnmyS6Ijyp8lh%2FnEw%2BWqO7uTV1Q6izE1R0T54aV8j71F4xlWfVcGft4%2FiOQhtqVXA1rW6M1atPARQRmhqUxtEPJKhKtSFgI%2Bvwlzb0GwVCtkp%3ABlBMUObkmabpYw
Shop on eBay,,$20.00,,,,Brand New,https://ebay.com/itm/123456?itmmeta=012DEW30YG0MEEKND7NH&hash=item123546:g:acwAA9KNiJowH:sc:ShippingMethodStandard!95008!US!-1&itmprp=enc%3AbgepL1tlUHjMGCVfSTGJh%2BzsVKeJ3CQk7NizDI4BZeppuFnmyS6Ijyp8lh%2FnEw%2BWqO7uTV1Q6izE1R0T54aV8j71F4xlWfVcGft4%2FiOQhtqVXA1rW6M1atPARQRmhqUxtEPJKhKtSFgI%2Bvwlzb0GwVCtkp%3ABlBMUObkmabpYw
Yves Saint Lauren Blazer Jacket 40R Men’s Double Breasted Blue Glenplaid Wool,,£55.00,delivery in 2-3 days,1 Mar 2026,3,Pre-owned,https://www.ebay.co.uk/itm/376991379800?_skw=Yves+Saint+Lauren&itmmeta=01KJWYE45R7MBNXDYK1P44AZDR&hash=item57c66ff158:g:phEAAeSwTqFpnw8q&itmprp=enc%3AAQALAAAA0GfYFPkwiKCW4ZNSs2u11xByzCqjTrWoTV1YTcwrN20jFGnW5xRCfTopgrJsPpLpu9KMsfYPRjlXUKHweQnP%2BkBlyyY7BfU0j3uAP9hvzdMyU9Hg4WTPxH8QEyJr0W4e1OpqAcxz9Shd0Oq1iLdprxvd9s6Y8C0wC6TelWGie88Wge62YMRBlDYT45W7X0Qd0LMIF9P8gNaCQ6oC6kYi5YYlRoZFhrtyHCbGV9CmK--0iIL4Q5d%2BKVFC9NXEd4I9xB5oCNNoZNiEGHOMPzKpJOU%3D%7Ctkp%3ABk9SR57DuJ6XZw
VTG 1980s YSL Yves Saint Lauren Baby Pink Houndstooth Collar Bomber Jacket 12 M,,£78.70,+£2.94 delivery,27 Feb 2026,5,Pre-owned,https://www.ebay.co.uk/itm/277485639757?_skw=Yves+Saint+Lauren&itmmeta=01KJWYE45S5X395PH1CVH4KCQG&hash=item409b6ed84d:g:QMQAAeSwUBppCljg&itmprp=enc%3AAQALAAAA0GfYFPkwiKCW4ZNSs2u11xBUHf4wmh4OJDWdFMHhlbUVDcmDHtATpinwFf5Y76yEFouujf1IkQkVdVaARqGQ8fkV1iHiCJ0mdENK71zmbDGWgkmvCzc7uDXn86n1p0VgOk5FksEPsXkP%2FsqjvT2qqHmAnJcyCxUQzCAHTtre2LPWfRXBvx6NXRzokyf0lMHM2CEdNG2BoCqZBC6PJrBvICbe8DTrLcF4T1ytu5jLOpZRaJxdHOdqNh1VCd1ZpBAP9Q8Cg3--pvPHWhCrsAxWiic%3D%7Ctkp%3ABk9SR57DuJ6XZw
Used Yves Saint Lauren Mens Tuxedo 2-piece UK40/EU50S -- Good Condition,,£52.70,Free delivery,24 Feb 2026,8,Pre-owned,https://www.ebay.co.uk/itm/336311171943?_skw=Yves+Saint+Lauren&itmmeta=01KJWYE45S1142FXEFNDRWW0GS&hash=item4e4db53b67:g:luwAAeSwKf9piyWq&itmprp=enc%3AAQALAAAA0GfYFPkwiKCW4ZNSs2u11xCJJUkLyG3GeaSTpBGEeYNF32m53jQgFqRwMlPukKTQjtR0F%2FtVSGYWTJy3eoguC%2FRb%2BH4nFlv1UbdyaFwAkodG9gEZ895%2BrxfxTjn6Lcvd9Kmx22%2BBAS5c53InYhOnKceszvcjhhcV0c4SEYN2OPzmKH5MwrQVMP%2Fx%2Fx3GyD0q%2FZ14qE%2FsGUNPCHwT%2BcPl3Xn3YXik4rTeKsN5dJL%2BbsjpHeueccE%2BOThos3RB5vQULI7Aa7eaYq0N9WbJeLvk%2FKY%3D%7Ctkp%3ABk9SR57DuJ6XZw
YVES SAINT LAUREN MENS JEANS - 30/32 Bootcut - £440 New!,,£51.66,+£2.94 delivery,22 Feb 2026,10,Pre-owned,https://www.ebay.co.uk/itm/236637810135?_skw=Yves+Saint+Lauren&itmmeta=01KJWYE45SEF9MG5Y0Z6ZA7JB7&hash=item3718b66dd7:g:9G4AAOSwiMJlhV6J&itmprp=enc%3AAQALAAAA8GfYFPkwiKCW4ZNSs2u11xA4DSPK2G%2BvO4Z0QXvLYUznLzEAEJdOhUv1zNeb%2B7JlVMEuHmwn1FIWSSDBYZ03usKNFRx6OxcGO8CZv3wafLqQ5YcaCXg1U1FN30RiyvkUDGEe4gOtKpgyHDrksY1LFqBNCNjN6uzg8FbKRIJQlbIf0fHavSfOTUwMo37BewE8KfNQ20Y0rXt84Izt65SBmu2xiCsKAOhYgadvjwC7qkr%2B8OR1McGPwFTnJeHY%2FL62asK2arTnN1FWtRmev3DTxMHxsb5I6GVAY5TnSTDTaCmXPSu1%2FSDOv9yzwxFsDkvVOg%3D%3D%7Ctkp%3ABk9SR57DuJ6XZw
Vintage YSL Yves Saint Lauren Reversible Harrington Jacket Size M,,£57.89,+£2.94 delivery,20 Feb 2026,12,Pre-owned,https://www.ebay.co.uk/itm/326996551928?_skw=Yves+Saint+Lauren&itmmeta=01KJWYE45SF57ACAMKVXAY5MBB&hash=item4c228368f8:g:NGwAAeSwVjJpjETy&itmprp=enc%3AAQALAAAA0GfYFPkwiKCW4ZNSs2u11xCJAc3BjLc7xDP0Utr1fxFZzJFPgVOKgWe2HEnIU%2BIPuQbM1r0C9kXX4cM%2FkvIla5HBKraShnWgdlyWfrZ9cgHz5MrXQedsZ6OTvW9x1jc40V9Q47P2hg%2FgYNKNTuzjvDQ2JJ5H0SfQRsgZYMAFDdJjEfDDkr9tbYWsDh1u5Qipa7%2FZSomfsE85P0JzzXPNblvFH%2FhHpoVGRqyGWS%2BenI9f%2FFK%2FkRij3z1Cv%2B7IPIIDOiA5FOBgv7mhvD%2Buu%2BmQ3Qw%3D%7Ctkp%3ABk9SR6DDuJ6XZw
Yves Saint Lauren YSL Men’s Polo Shirt White Size Large Short Sleeve,,£10.79,+£3.38 delivery,19 Feb 2026,13,Pre-owned,https://www.ebay.co.uk/itm/287086323857?_skw=Yves+Saint+Lauren&itmmeta=01KJWYE45SMME5JWCZQ7YS5SQV&hash=item42d7ada891:g:IeoAAeSwCABpbkKN&itmprp=enc%3AAQALAAAA8GfYFPkwiKCW4ZNSs2u11xCxGduLGmRcVmELJidIfzvTVB4vknLGOoaaRA3Hej5p5oFTNhTKTEZlILj8xauNkovZPLBkLm4XQMR1mfwiSDkYJWS1sJx6s27gfFuo4k7jQR4C3wMD%2FgX8QrMIDeuzw77FJ1ED%2BGNbj%2BgPSzwuEwTd06GluaRmdsuuJs0NL7ASTbaJFZX%2FXU4%2FUpH37MZdLRtcss2EC3XqIhOByKAEfqdf8qKjG2PRrXrWSiKc%2FhD0e5JmwBffAbmvlyV84xS1W9t4%2FwN%2Fj2yHMqanMsTlyqNyJvAIgb%2B3Ob1PdpjpGkAZ6w%3D%3D%7Ctkp%3ABk9SR6DDuJ6XZw
Mens YVES SAINT LAUREN Grey Textured Buttoned VNTG Shirt Size UK L M12,,£9.99,+£4.25 delivery,18 Feb 2026,14,Pre-owned,https://www.ebay.co.uk/itm/376962577219?_skw=Yves+Saint+Lauren&itmmeta=01KJWYE45SW564YFZS2QWV0C0D&hash=item57c4b87343:g:CGoAAeSwtydpj4qQ&itmprp=enc%3AAQALAAAA0GfYFPkwiKCW4ZNSs2u11xAggFjOt6sM83ZTrFFbhbda9Z0mzZA6LA7d7A4ZPQ27dzGrpnOfMD%2FmTHaRe9pMzqk0pbE9zc7JWl4%2FET0yl5NZc74w7bDruH54usKKI47UYpXgYjTNqRwr83yvGAhCeXBnbb6fACgq0y%2Be8yGyP2vkxNx4hve32IemFWQGuXIN%2BLc2dybHthSEjdfEKSs7Bl7cOtvwQjhgcNujFPYMTlHhBPYkxuvQycUXhKAb%2FYcrpvGLoLZPr%2FYbrfmHrrkHB3E%3D%7Ctkp%3ABk9SR6DDuJ6XZw
Yves Saint Lauren Mens Long Sleeve 100% Twill Cotton Navy Blue Shirt 4 X,,£10.00,+£3.38 delivery,17 Feb 2026,15,Pre-owned,https://www.ebay.co.uk/itm/236622713521?_skw=Yves+Saint+Lauren&itmmeta=01KJWYE45SWJDB7VB2Z6XRZ3Y4&hash=item3717d012b1:g:SCUAAeSwjdlpedhU&itmprp=enc%3AAQALAAAA8GfYFPkwiKCW4ZNSs2u11xCmRPg0qPyPh1E4jPzStZI6PaFfuxsIRpvr0lim4c6EgM1thaMf8WRwVDRdr0Wt%2F1yenx%2BMbe1t99vfxV3%2FWjfkTIFSUvBQwJE7hIWZ9SOmY2jBNdctwc4NGD4McH6PzxVgRld5ly5%2FEiMtCX9m9nYE0cUyS%2B1V%2F5vDISSUxMNzI6lrILCsCHswDRt%2FJms5VqoSLp5ZRSopbAuyvuevMQkHTgThTkJWwkiPRnQSzOIInB3tBHZXb7JokmmexHCxh9qv1JvhVds43bjBRbvRigXQ%2B43vOvH2JEQrw5GFeQlXxw%3D%3D%7Ctkp%3ABk9SR6DDuJ6XZw
NEW YVES SAINT LAUREN TIE - LUXURY VIBRANT BLACK SILK TIE Made In Italy,,£29.82,+£2.70 delivery,15 Feb 2026,17,New (other),https://www.ebay.co.uk/itm/235024069915?_skw=Yves+Saint+Lauren&itmmeta=01KJWYE45SB4CMPP7DK90ZG5QV&hash=item36b886b51b:g:CO0AAOSwO4JkSWxo&itmprp=enc%3AAQALAAAA0GfYFPkwiKCW4ZNSs2u11xAhjZUSlHBuu6SKJVSeBeXBGftNlFEVinqzqeqBvZbcXKN%2BrbqTWpKbFwonYKpPuv%2B0Yh54Hpgr1eA1g%2Bl5CkgmVKgqZtbpTOj%2B%2BJooO2WQ6Nn7Evf5wr%2F%2BL35w0bVh4g5u26RKQMSpuohh%2FvvyJPE4W%2FJNaTEbHKp96pkQbbgEBjlQ%2BBmI15QAO375FQtLOkuMO%2Fb8%2BbH0DQ4Eyh3AO6NJjsiaaSb4xJ0XGm5Nf8nULhrkMpr42ov%2Fid4hXM44xvI%3D%7Ctkp%3ABk9SR6DDuJ6XZw
Very Old Vintage Yves Saint Lauren Wallet Black Leather Gold Tone,Leather,£10.80,+£2.94 delivery,13 Feb 2026,19,Pre-owned,https://www.ebay.co.uk/itm/127354761121?_skw=Yves+Saint+Lauren&itmmeta=01KJWYE45SM5Q67HBK1F6NRNRK&hash=item1da6ef6fa1:g:E-sAAeSwsFBou9s0&itmprp=enc%3AAQALAAAA0GfYFPkwiKCW4ZNSs2u11xBeK%2BfevznThW2J0EZxl%2FxOj%2BlG5%2F7n3rz0%2BEu6kkAzolirFNBZu8aK%2F45ARjc%2FWwztvbN3aDxy97D%2FjWAY53tD4ujRGjZ63oA1XJZO25544H8sxPnE3MlKDd1DWnt7RMQft1urlVeekeDUYPnt8ko%2F75SptLD3pZaYWKhp6DEEbiR5gtI6PKznSEHIJtnAfM5vgoSTDPOy23rKE%2FMBCbHUH9Z6CxdyWHPUGbvNDim6kX3ZQAr%2Fxi%2B0QwUqM7KGf78%3D%7Ctkp%3ABk9SR6DDuJ6XZw
"***VINTAGE*** YVES SAINT LAUREN MENS SWEATER*** Size L, 100% Cotton Light Blue",,£26.69,delivery in 2-3 days,11 Feb 2026,21,Pre-owned,https://www.ebay.co.uk/itm/147148893778?_skw=Yves+Saint+Lauren&itmmeta=01KJWYE45S0JGP2YWDJWS9CQRM&hash=item2242c1ee52:g:7AEAAeSwcEdpjJqF&itmprp=enc%3AAQALAAAA0GfYFPkwiKCW4ZNSs2u11xDhnANrpVtFIVbRbG9aqzti1RGOVcOcWJK1Kjy33bMSrpXNDOahkXAhQCONdzNrL0nIgQwAKsPVio1r3virHfCjgD2P6n6hhThlrl9lpa3OZaruJg5jFW4UOehw4OzCWpVakmNKfzym2W2HoRh4uCABqiasvqwWz4YGK6ZbGkg4fGzNWL9GIPHmq7VT9PMiI%2FWdOS9Mzh4%2F40QRcR8vRy95ZZ54ubTdDHKs%2BAq%2B17%2BuqvQscCq4BzFb%2BcgqtbuxjjM%3D%7Ctkp%3ABk9SR6DDuJ6XZw
Yves Saint Lauren Mens Blouson Lightweight Jacket Blue/Night Size Large,,£21.50,+£5.15 delivery,11 Feb 2026,21,Pre-owned,https://www.ebay.co.uk/itm/287121539547?_skw=Yves+Saint+Lauren&itmmeta=01KJWYE45S56X0DWK36ERVYDEW&hash=item42d9c701db:g:sfsAAeSwDCxpehJp&itmprp=enc%3AAQALAAAA8GfYFPkwiKCW4ZNSs2u11xCamjEA15cZe%2FO0uJbTEVRNfd4%2BnnKbQkAMEGy%2Fpx2StBNn1C7Ir3lGtyR%2FtIMfZo1YN9Hrqm9n1lH1M0jxiI64f0iKpoAiVyjQ6sIC3STspY45kSjNrzOJwmRRiXn8bms9knnl6TkUUUhD3X7%2FT5JoLjffDfoazhNVoX%2BthwmA4N1uwsjtLIbPNTLlFIhh5N2ImtaceW7YfHK4eHMCOXaozI8R%2FMb1jJwKOkSeX%2FUrUKGFR2MtZlrTRxLk7dgFgaTktZEoQu5agHV5KcJIm4HX1am1GT8GKAqXa7rzfHSpmw%3D%3D%7Ctkp%3ABk9SR6DDuJ6XZw
Yves Saint Laurent Vintage L/S Shirt Dark Grey Polycotton Size 16/40-41 Pit 24”,,£14.00,+£2.70 delivery,9 Feb 2026,23,Pre-owned,https://www.ebay.co.uk/itm/306060303855?_skw=Yves+Saint+Lauren&itmmeta=01KJWYE45S4BZAKWDTFCQ9NPW7&hash=item47429d9def:g:rh4AAOSwanZnksQy&itmprp=enc%3AAQALAAAA8GfYFPkwiKCW4ZNSs2u11xBZmVjpGnDrDeVPpMV7oCt1nKb5dyNvSpDk9oWl1EhCq4OkEvKaEve0j7mzMp70P10Gpy8N5PqcwJirBHNdeIplNAReF7WemMwkODhtKxykYKtK3pnMv%2FFmpIInqqQDNuy6oxocZXT2rXCXGVyT0be71R1MD%2Fxs5lN0queyQzVF%2BFwhWEXfefXGLVZpkPUjQKcNGMFUJHv6N0HedIDcebeMV942PuIZ74j2Vpk1TFueZWst7XBipcy4SR8W7%2F4d7%2BNqGGFbNuD75ow4PZOdl05THuYKzOT25e7uZF1yatLSpQ%3D%3D%7Ctkp%3ABk9SR6DDuJ6XZw
Yves Saint Lauren (Pour Homme ) Men’s Black T Shirt Size L,,£4.11,+£2.70 delivery,30 Jan 2026,33,Pre-owned,https://www.ebay.co.uk/itm/168105735662?_skw=Yves+Saint+Lauren&itmmeta=01KJWYE45SAESWHXHMEKPVCWXD&hash=item2723e1f5ee:g:taQAAeSw61Bpc92n&itmprp=enc%3AAQALAAAA0GfYFPkwiKCW4ZNSs2u11xBNfLk%2B8EoZBKI%2FQVcIz1A%2BK4BLbi485DfWbDmsjHYNSs8FuJNHcZ4LyB9hdPdle7%2FQqRV0H0To7ZGfCPZH4TD0dnBjDtMPV0QYn0WnSy3ExtAsFfF1pJMYP39iI27DRxJYBAVinadptvbK53q0D3xRaiVRFBvkuTjn4a27As%2BEASaMA8P2YMMjMrgG7Ip3D4epshUCnqa2WWF1vwRP4A1bmv%2B3qZq9q2Ked1qrA85vm%2FNy4010lcgQ2vd6YC30Org%3D%7Ctkp%3ABk9SR6DDuJ6XZw
Men's Yves Saint Lauren polo top (N),,£15.00,+£6.49 delivery,22 Jan 2026,41,Pre-owned,https://www.ebay.co.uk/itm/376495107806?_skw=Yves+Saint+Lauren&itmmeta=01KJWYE45SBE6R2XD7TBZPA19K&hash=item57a8db6ede:g:EAsAAeSwnYJopa2j&itmprp=enc%3AAQALAAAA0GfYFPkwiKCW4ZNSs2u11xAD4eW9kEIcoJ%2FPrGAHloqR42CLrJxoudmucFf9KCVbokmz%2Fb%2BDYYuxXV%2FTJPvltj7L895ZPB3hFAyJi66bfXmQRDBVp1pxGHoDVJRS%2BhtmdfuO%2BF86B5gGsRv1OGi80zgNBklBFzoTpRr0Iga7VqBfrYD7%2FdlPFb0uT0FtPPlVpeCk6GwUmzRimN1zk04sF4tPcG%2BfebUnQIdBe8FCpbLcOhrPH48AevaX93l%2BG9ktIGsJxmaVY3iMB6DcKUXjKNM%3D%7Ctkp%3ABk9SR6DDuJ6XZw
"Yves Saint Lauren / YSL Jumper Sweatshirt, Navy, Classic 90s Vintage, size Large",,£53.00,+£2.94 delivery,20 Jan 2026,43,Pre-owned,https://www.ebay.co.uk/itm/267529014603?_skw=Yves+Saint+Lauren&itmmeta=01KJWYE45SG6T8GSM2NRB2Z4BC&hash=item3e49f8cd4b:g:BkkAAeSwx6NpVHmt&itmprp=enc%3AAQALAAAA0GfYFPkwiKCW4ZNSs2u11xAs1%2Fyf2Qj027SlV9J39Js5GxqJf4IRIG%2BJMnsA3syNozZz2PMBg7jnDJjsk0fqgCTCHIpTMsdUPDlX%2FcAIv4vvCnE6sgDV8H1CgFSnBcC2BGaI1%2FedTzIpUqnq%2Fg1GHkIYsMps0oV%2FVeDm4LuV5DRst14lv7GMIRLnyB6uL9V1vJ5hLsG2OQzwpl6mLX%2FNztYJhQ%2ByHXMCi6mS6LMkAAsqDxEG895EeFIQT2Yv03b%2Fy7gI%2FuD41tCgszoa7sQ1fV4%3D%7Ctkp%3ABk9SR6DDuJ6XZw
Yves Saint Lauren Crossbody Reversible Double Sided Bag Velvet & Leather,Leather,£78.99,Free delivery,19 Jan 2026,44,Pre-owned,https://www.ebay.co.uk/itm/177758676317?_skw=Yves+Saint+Lauren&itmmeta=01KJWYE45S5HAE775254JYFB3C&hash=item29633e255d:g:LSgAAeSwkthpYJzD&itmprp=enc%3AAQALAAAA8GfYFPkwiKCW4ZNSs2u11xCYOmRhii7BkZNXkxYLKuMlHzKLj73vIykBbUgFCU%2FkC3EHhDOzAUVFi2MHArBefYIVyX6AP%2FfONMvlMG4xmjV%2F0DpSe1i1O2wUiv5NpQhzO1nqMgzW9rlqUiue7INZq6sTNUG3SNwsKOSfIHdE%2BuYY29Kn7efchhWRGKMXUDUDijkIwubHwkfKicQodCTrz%2FoiaHBe25gqx%2FWSVEhtQj%2FIp3NZeLuuJcE8tx2%2B7QnJmEiBZlASH%2FJwebaKooSoeC5bSPp2NXK4SQIP8MVz8fDBvs7ZTLHVrac%2FxkO2jPrIjQ%3D%3D%7Ctkp%3ABk9SR6DDuJ6XZw
Yves Saint Lauren YSL Men's Shirt,,£7.00,+£2.96 delivery,19 Jan 2026,44,Pre-owned,https://www.ebay.co.uk/itm/136942042869?_skw=Yves+Saint+Lauren&itmmeta=01KJWYE45S4K09D5VXKFVTEGNS&hash=item1fe261bef5:g:W-IAAeSwh6NpZRnY&itmprp=enc%3AAQALAAAA8GfYFPkwiKCW4ZNSs2u11xAgPvM%2BBb8fdxoFrmZwPsJalScqch2fAeDfMY8rf0N0fSQGsYtVr%2BZHNqiupzQ0%2B%2Bx4%2BuaDNECm%2FMp4VOJzxC0YuDDHjMdeFdnPxYF1NDWNocn8IjkW4%2FIRhobatXtP5N7RmAep5VMMLKyPAB50T52AS496ZaU8qFWP%2B1FiINTIPJWFgaozEyOK3VviTzIpn5kSPEP39CWht5gPzI2duQVAHFliI1%2B19EkUq18iZwS3iHLilgoHSv295IxZyw5koNdDi3%2B39E0pGncvGQq6O2RClzLEcSwfjRGihdJF6YCdwA%3D%3D%7Ctkp%3ABk9SR6DDuJ6XZw
Yves Saint Lauren Shirt Long Sleeve Button Smart Ysl Blue Mens Large,,£18.19,+£3.49 delivery,17 Jan 2026,46,Pre-owned,https://www.ebay.co.uk/itm/168020399242?_skw=Yves+Saint+Lauren&itmmeta=01KJWYE45SMP9Z6Y2P3NV60J9C&hash=item271ecbd48a:g:pg8AAeSwvgNpSAA2&itmprp=enc%3AAQALAAAA8GfYFPkwiKCW4ZNSs2u11xCbA7jNg15s%2B6NXaGvgnnYvud%2BfTn7bYFoipGexdI3JT5p1%2B6LMqxJtNJEwi%2FT%2BiZHJSA%2FPBwpUt2OiaH1Y7ZNZkwF3%2B1Hq3ssKnPT3%2Fqs1rX4sjhrFZXtib%2FxFfNq%2FPxY6Q1X%2B2nZTnMGKbDGcZRMr6x8gMru%2BcCmDSyp%2BNI4%2B0ntZ3GFdj1bjJwzg%2BsFWTAa8bDS4Meo21FvCZlBUCxwsLMAseYYMrd%2BnBlfwQFq7EdgU7KgfWluZQO%2F9PKH9utChXW04fmqHrE%2B8t74afU6huc0Ds9BFWaxdn9AmL1usdQ%3D%3D%7Ctkp%3ABk9SR6DDuJ6XZw
Yves Saint Lauren Vintage Handbag Bag Leather & Canvas Good Condn* Cream & Black,Leather,£31.90,Free delivery,15 Jan 2026,48,Pre-owned,https://www.ebay.co.uk/itm/317226086195?_skw=Yves+Saint+Lauren&itmmeta=01KJWYE45S27TX4T7WSW3MN6KH&hash=item49dc25ef33:g:4vAAAeSwrW9os0-m&itmprp=enc%3AAQALAAAA0GfYFPkwiKCW4ZNSs2u11xCD4mwvZlTuwnkgWjshdqTNHXn0NjlKzqDCq%2Fs6TfgPGiS%2F8ga63UXUcSD8bS7Q4gGB9myMlwFU0bKU%2BflVri%2BI8we2tKBp3pfwDHmHJ%2BSC0FrCAOBhVoqAcMLDY1yVqiE38dJ2vppeUT2S6gz7ejP1Rc0kirdFWDaOexucwKWBKxCRYpjdh3%2FWJM4Qh58Ni6iWz5yplAOmRZ1xjoHfou%2B6JbAlXFS%2BPCyK%2Be730YsJQv%2FNh39nmMPuwYuX0njTeik%3D%7Ctkp%3ABk9SR6DDuJ6XZw
Men’s Yves Saint Lauren Shirt - Size Medium - Beautiful Vintage Piece,,£10.44,+£2.94 delivery,12 Jan 2026,51,Pre-owned,https://www.ebay.co.uk/itm/317734577441?_skw=Yves+Saint+Lauren&itmmeta=01KJWYE45T8ENYEJJSDBE4RRNM&hash=item49fa74e521:g:~DcAAeSw8SlpG2Hd&itmprp=enc%3AAQALAAAA8GfYFPkwiKCW4ZNSs2u11xCe8FUNccl%2BLLoMU7Bp%2BO5OSUlA03gDIYY8AMPPBMmz886uVRWfPLAtcNfwiAWwfGqPh3sHtzr4UrSsWh0XvKKWQk1VtQkAZh6vhyqlv%2Fv85Mj5etsbZy58kHtGXit5t1XwpHSFOkF6pthTZC7lQYbnHzdG4b2Zl7MCTh3E1UKmTDBJ2fT%2Bz02n9igq0ejAxtNvSfZEsckLpHkNAU1JXlCWOXPuAW4gCLamnl8oA7EiyDT3bJ%2FhrK4%2FSmd0WeM%2F8WTzx%2BvVkfMnoPzS1J6DSM2XQOQFu5v0Jwj1nQnwsgNSkA%3D%3D%7Ctkp%3ABk9SR6LDuJ6XZw
Yves Saint Lauren Designer Silk Tie Paisley Patterned Made in England Stylish,,£8.12,+£2.72 delivery,8 Jan 2026,55,Pre-owned,https://www.ebay.co.uk/itm/157576464764?_skw=Yves+Saint+Lauren&itmmeta=01KJWYE45T83QBSGHQ6QC7XXDF&hash=item24b04a097c:g:4vYAAeSwQUxpKavO&itmprp=enc%3AAQALAAAA0GfYFPkwiKCW4ZNSs2u11xCxYcXQo66ewxBFUsXr8dQ9gjxMfEN%2Fl%2F5ceYIigiIeAcnaOy%2FfYnq56BbmKzY6LvpZCD2zVFOIIRplAMTFEokQtWiSLMSGvc%2FSlhfW%2B1D1njCDaP20kJMDc2eMljuMcq1PJ6Mk6YHA2HevSrqnul5JsC4wr9pemrkBMV1PLM8pxUX0mjIjcvplpGBHBPxHyUuyFwT9u1uT6b3tYY4hzGvJIgsgJny8Vv1fsOm57NVfroaHJDVlaVVGWOky2teRkrY%3D%7Ctkp%3ABk9SR6LDuJ6XZw
Yves Saint Lauren YSL Mens Shirt Pink XXL Designer,,£19.99,delivery in 2-3 days,7 Jan 2026,56,Pre-owned,https://www.ebay.co.uk/itm/167250797303?_skw=Yves+Saint+Lauren&itmmeta=01KJWYE45TE6B6XD83W3X48CWN&hash=item26f0eca2f7:g:5vsAAOSwF01nkSe~&itmprp=enc%3AAQALAAAA8GfYFPkwiKCW4ZNSs2u11xCQ%2BGB2dh1y9GX%2Fe8QHSThfrAbbO0oSnV5V0lcJLBHVNa8zjFNYNN9cBuC1pb8joZcin%2B8Fj44ypeZYnzJc6aLG0K25u5PPQkM4F3HaSuiuH8DP7UXMQZr8Ul3w8eNz3qIH8vCH8vCg3ecorqgtOy2DBsKK%2FodXpcvQ6ne%2BG6hbiwwbfJvt%2BEdKMMFlc3gwn2qyBCAo4skBAFc8A95W3WwTRR9q7K96KqtjMCc9vTj%2BZ0S4dlCDGdXC%2FeVW1GLFSsKhV0jBGWtbqYcTmCse%2B17m%2BrvG%2FnFi%2FQsoK2a0zoN1zA%3D%3D%7Ctkp%3ABk9SR6LDuJ6XZw
Yves Saint Lauren khaki green men's trench coat size IT 48 without belt,,£29.99,Free delivery,6 Jan 2026,57,Pre-owned,https://www.ebay.co.uk/itm/256475216737?_skw=Yves+Saint+Lauren&itmmeta=01KJWYE45TPNFM3T5AXMXXT77W&hash=item3bb71d3b61:g:MI8AAOSwa8RmFnxi&itmprp=enc%3AAQALAAAA0GfYFPkwiKCW4ZNSs2u11xCO34yYutgGJORiZ2miA1TPXJwaMZ68VV9c3RlUVC%2F4xTfpINfAK9N9m8NVhXgZv2yf%2BfjhvWov3PIL9bQw%2Ficr9ZBo2qVuyqZbKD2RvD3kX9EJV5CwVMDkTqR0BrnRaDXW%2BwlRuwnQ3FMN5T%2BdlPUr1lHRmETvEjv78Q9nav3L7yKsmQwqdVflXmwUAkl3PgwrCQtajaElXfTrSMsnbarGWGhsrRcP9BDW6A0NfkQn7kh95ksk9PPasZUroDCboi0%3D%7Ctkp%3ABk9SR6LDuJ6XZw
Vintage Yves Saint Laurent YSL Men’s Peach Polo Shirt - Size Large,,£7.59,+£3.45 delivery,6 Jan 2026,57,Pre-owned,https://www.ebay.co.uk/itm/277614855188?_skw=Yves+Saint+Lauren&itmmeta=01KJWYE45TJH8DYGRE39YD1BAE&hash=item40a3228414:g:i-wAAOSwToJnL05b&itmprp=enc%3AAQALAAAA0GfYFPkwiKCW4ZNSs2u11xAJrh6xDx%2FuJW8XYmZiBuLPw0rB6Q4w%2B5lj31kSo1K21nGePqxbZcGHh1UcOLOTFIFkC3Vcwikb1Eft60Z7CoDqcd%2BxEs1RtZasV364L53IUV9BB8WYHKlK7BYzrsxSXk%2FbxBz49MG1r59lZ0JhGW5cADgVLlDZkjgZNDxrPi7HCzpuzK%2Be8EjwiOFjciuoUJZrf%2FyooEpxeClUmFM9WuA4Z3%2BOS9wuZLoOxGq5NGhQeIW9O5P3QpqQRWnEU%2BlH1Ns%3D%7Ctkp%3ABk9SR6LDuJ6XZw
YVES SAINT LAUREN mens pink long sleeve shirt neck 15.5 pit to pit 24 inch chest,,£10.80,+£3.38 delivery,4 Jan 2026,59,Pre-owned,https://www.ebay.co.uk/itm/266231801019?_skw=Yves+Saint+Lauren&itmmeta=01KJWYE45TT1M9YRBMFDQMEM84&hash=item3dfca6e4bb:g:cfkAAOSw9sJkRXwt&itmprp=enc%3AAQALAAAA0GfYFPkwiKCW4ZNSs2u11xCeEojm5PrXUeGIGp%2BwbP91WZ68%2BFdsBNpO1LwIhgXRRfTMGbac4n8BdLfn8HCSCOp9txONWfImQlXmNsTMSYmnMXKFQ8hwdZpGy708tC6h52eA%2BfbPZMhsT1dic1krH5mVkobdq3EhHtlQmU75WW2IAlcvRkeUr1SwLO1SKr2TKl7sbK%2BqFtE%2FA12VUxek1th7aYC8pfEeArDROvACdBc8BC3uvjCnefBrZ8%2FnWChTnvBwXCPV3pTjlM3vP%2BAu3nc%3D%7Ctkp%3ABk9SR6LDuJ6XZw
Yves Saint Lauren Ysl Knit Cardigan Striped Italy Cotton Sweater Mens 2XL 7,,£52.99,Free delivery,1 Jan 2026,62,Pre-owned,https://www.ebay.co.uk/itm/168019793576?_skw=Yves+Saint+Lauren&itmmeta=01KJWYE45T1AF9EV87YN8H4C07&hash=item271ec296a8:g:T9AAAeSw1PVpR8GW&itmprp=enc%3AAQALAAAA0GfYFPkwiKCW4ZNSs2u11xAAq62hphiTpWLQ%2FXhAecHni8pID6Eo4HswjOy0jLk%2B3cEDScP25jJbBMRy2o29h%2FjuWbJf3ZYOpfIvhxQPSyY7jMSumlIIdthsr79yai2IIpq9nmEV5ghQquc8p%2Bd0g0yr%2FqMUFVHzPQXXc%2BOEk7oTOdWbpuvEq7%2BnnYf7Id%2BJs8nr%2BlRtK0ZWh80tXKD%2FulqJH3xsV21cfPOcGK9iy7e1TkRyzulqITKqskiaBp5by7HJiqNffnLtVw41qawEVMY%3D%7Ctkp%3ABk9SR6LDuJ6XZw
VINTAGE YVES SAINT LAUREN DESIGNER YSL LEATHER SHOULDER BAG HANDBAG IVORY USED,Leather,£83.99,+£3.99 delivery,25 Dec 2025,69,Pre-owned,https://www.ebay.co.uk/itm/376556936447?_skw=Yves+Saint+Lauren&itmmeta=01KJWYE45TSF2GB0BX0SXFR92C&hash=item57ac8adcff:g:Es4AAeSwmGNoSSkD&itmprp=enc%3AAQALAAAA8GfYFPkwiKCW4ZNSs2u11xDNWzg%2Br1tE5WLm0L649rZSJQQAgrX%2FueLPWoXKiiIssqJMyVvoM1OSmtdINPsfJSi0MoyF1hTpdFH7a9DB0xYWFRG%2BA23qQc3sMXMlUPBF8SpphoGmwlepYb5YKJebS%2BdvXxCzYEsdEcl3%2FLHXFmVcRBOjUmrI3QlMZwS7MogX4Qvq9h8UfyG1M5IoHetn%2BymCnVFZQdQMSvcQiEeYTsLx0ndwGz37oc7Iq4XRDTyOMZ2klOutCUPXD0Y45bFduppWsXTulyAfxRi94U9nSNTZmYdKtQYb4mmW4ajf3Aj12Q%3D%3D%7Ctkp%3ABk9SR6LDuJ6XZw
"***VINTAGE*** YVES SAINT LAUREN SWEATER*** Size L, 100% Cotton",,£135.90,+£5.00 delivery,13 Dec 2025,81,Pre-owned,https://www.ebay.co.uk/itm/257089692232?_skw=Yves+Saint+Lauren&itmmeta=01KJWYE45T47C31FD4ARS9Z92Z&hash=item3bdbbd6248:g:EwwAAeSwd6lotbGD&itmprp=enc%3AAQALAAAA0GfYFPkwiKCW4ZNSs2u11xCG%2B%2FLUVznB%2FYe%2FsbHH1O7LBVjzpTSvhAhTV9ILXvv4CwD8rbD1rGQG7w1MoC565FBUCO0ZpsUPPlqPoThiYthPudwNKTh3ElBPc6fTRCpTyQReADNopbauaqJ1%2BXEdXnIJjeOe%2FfvER80gwf39J6rrR6N8S0ktDISxklfXMwsEK38CXULB5%2F65aYLluu2KX6%2BSMC7JyiYHyZREj9Rl5DoN8pUwEb9qxcK65e2AWaGf1yPPgJGKbyaMFeMH%2FPULfBo%3D%7Ctkp%3ABk9SR6LDuJ6XZw
Yves Saint Lauren (YSL) Black Python-skin Large Bucket Bag,,£414.69,+£6.16 delivery,8 Dec 2025,86,Pre-owned,https://www.ebay.co.uk/itm/365589977921?_skw=Yves+Saint+Lauren&itmmeta=01KJWYE45TY0VBZTK1JXRTTJKP&hash=item551edc5b41:g:WQEAAOSwildoHOmz&itmprp=enc%3AAQALAAAA0GfYFPkwiKCW4ZNSs2u11xC2mWUMI%2FctMidhj3NhTxymKXlcqbezjIlyNsgAtQq9kf62K4QPXYG%2F9PMi9U%2FoxF%2Bo%2FLPZYSAeuM3mWYh%2F8GXBUhMseu%2Fe%2B1y9zNFkLgj2e2uwvroH1SxSUsXZv4M%2FfwP%2FltVHWeDmM2edF1M4I8Ntxw2ofsbwO%2BG3MbExqj4XWeHls4esR4Eo0oGoy8JQqcnUcv0HHCCDjqAU8VGrwDhVfot3bxnqIhwlHACtAF9NZcNQTXEyDKbhzCSQCDTWKK4%3D%7Ctkp%3ABk9SR6LDuJ6XZw
Yves Saint Laurent Boots Woman,,£135.89,+£3.42 delivery,6 Dec 2025,88,Please,https://www.ebay.co.uk/itm/365778033082?_skw=Yves+Saint+Lauren&itmmeta=01KJWYE45THVC5MTAR2XC2QMNN&hash=item552a11d9ba:g:RaMAAeSwqr1okR5k&itmprp=enc%3AAQALAAAA8GfYFPkwiKCW4ZNSs2u11xA6oGapdnjCYG8IOgESfQxFLp%2F7CDJ2YhgWk1w9YK96lYvBmREPM73A4IBl6ZRNWQaOk9ZHjBYSnOvtCueiJ%2FH0vESh%2BFT4g8Fc6RYFA2vhAy1t3QKKB3VVJNhcsgRHe8KfRIy%2BiSiLOoMaZXG3saniMn4cihSP0R%2BAGXmCbi0Wlzq4hoashQAUVNZE%2BMwDAKCwmE%2F8XtxW3sPCck07aLxAd1l357trYczD6ScGGXpk4V2jy7L2RG6l84UxRgXj%2B8dc9HtOmnNDZcb4KrY7hrPDFbkorL0iACoOKRoPnXFytA%3D%3D%7Ctkp%3ABk9SR6LDuJ6XZw
Yves Saint Laurent Men's Blue Long Sleeve Shirt,,£10.00,+£3.38 delivery,4 Mar 2026,0,Pre-owned,https://www.ebay.co.uk/itm/188116482122?_skw=Yves+Saint+Lauren&itmmeta=01KJWYE45TWXMMBADFS6JAG332&hash=item2bcc9db84a:g:EX8AAeSwV8lppuYQ&itmprp=enc%3AAQALAAAA8GfYFPkwiKCW4ZNSs2u11xCZicwEU75vic7Xv0l68Rda0wXV4qVFCE9rFyNb9kxETP%2F5Lf%2FHWszHdycsVjLuJa5zaETKvWwZnmhKItpDqOM2vcRQteSYUXiGjB9aY709XsW52ybbjdq22UrM3u5Uv9p0bYpDmk2iDLm56e7UK%2F3RgDVl%2FjrsCNamsTkai32Bl0N4qMT%2BDCbdia8QZH3hdq75Ume81%2Bl6%2FRB9r%2FpFKjIgkgeMhayt7vdQ16gt6K6JsPkXIOcwa%2FiG%2BTAjw%2Fql5qG0Wqs8FQzRPeteSKjSCRZGpQP%2FPT0%2BqdY2nKqUSyZA0A%3D%3D%7Ctkp%3ABk9SR6LDuJ6XZw
Yves Saint Laurent ‘Rive Gauche’ Vintage Men’s Double Breasted Coat,,£103.66,+£5.21 delivery,2 Mar 2026,2,Pre-owned,https://www.ebay.co.uk/itm/177913015340?_skw=Yves+Saint+Lauren&itmmeta=01KJWYE45TCFH6DBY2PX62X477&hash=item296c712c2c:g:CcIAAeSwcBZppW39&itmprp=enc%3AAQALAAAA0GfYFPkwiKCW4ZNSs2u11xC30GRbHfbHCBg2vzyttPRllVOJyg%2FpHWUA3H1cA7smx6zF%2F0KP7VhOS6O306hCBQ%2Fh0t75lWD0q%2F5t30KVDyy62NoXL7QUP6dfx0sM%2B0VyRdaG2bZLieP1gZ70qRkGJGwvwwQ%2B0owGoGmFkkosvgbF3uWIjd0qRtMXZvfIMRf14VS0j5nYj%2FQ1wPnf2g3XGe7aIXLpHqDJ2aYxyVoInakKHW0Gr1lFRwfyhd2d4vljaLItqtcMEDdSt6ASxAAZHM0%3D%7Ctkp%3ABk9SR6LDuJ6XZw
Vintage Yves Saint Laurent acetate sunglasses made in Italy Mod. YSL 6233/S exc,,£36.01,+£5.00 delivery,4 Mar 2026,0,Pre-owned,https://www.ebay.co.uk/itm/389678596322?_skw=Yves+Saint+Lauren&itmmeta=01KJWYE45TFZPJ3TF8HAVD1CGJ&hash=item5abaa780e2:g:Cv0AAeSwf6NpocZY&itmprp=enc%3AAQALAAAA0GfYFPkwiKCW4ZNSs2u11xDPWIZK4uPL%2B6s3RsrOXEuOjvbsQAYb4OsQGRRiE0OEWqwYp5XwuHd71PUXtiOvkl4giVlGvp8D7rhN3oqf%2Bb8aXx7bbHb9t6%2FtVjxw%2FK96Wz7lb6diHEN%2BwlU86DBZxTXh22ywdRDdSvd0f44epswP0VR%2Bks08AimrgKc%2FJA8ClXemNe0jBS2EMqi9plKgrHtkyejySE0rt1gTopswoEzBx1QRL0QtefMqnLELyL6yq7KYhKcAlI4AurZldqaXJw4%3D%7Ctkp%3ABk9SR6LDuJ6XZw
YSL Yves Saint Laurent Cassandre Card Case Holder,,£31.90,+£2.94 delivery,3 Mar 2026,1,New (other),https://www.ebay.co.uk/itm/198139975317?_skw=Yves+Saint+Lauren&itmmeta=01KJWYE45T7FFDJSZ5Z32KFRQF&hash=item2e22101695:g:ezkAAeSwJCVpoKsC&itmprp=enc%3AAQALAAAA8GfYFPkwiKCW4ZNSs2u11xAUedYnlOd76JBQtSRn5NqRKYeou3lXErMLBZnYRmFVeDQpCHm%2FR4RxYyqoBRzJN2vc4XJ%2F1ZkNjqdvsMCT%2Bta1qC6ut7LaT87%2FYQwvKiranxkuqLGjC5cwj5h7UmW5dMk8w7JZ%2F0HINruzspkUScOi4jpJos8Ygu8TWuAYj3ylvvRHHDnoKraZo6%2FQ00hHM5oYvc3WQWY%2BgG%2F4LOElxgxXJu5WTm9vrbO6brHVjxzAPcWsUNJSoypjO9Pi1574BGEpG2SfCoOc8y7mKUMGWcONrbWPvIQUvo%2F6J5opMxzAjA%3D%3D%7Ctkp%3ABk9SR6LDuJ6XZw
Yves Saint Laurent Women's Small,,£542.20,+£4.26 delivery,3 Mar 2026,1,Pre-owned,https://www.ebay.co.uk/itm/317935514282?_skw=Yves+Saint+Lauren&itmmeta=01KJWYE45TAH5BD6A76R4C7EW2&hash=item4a066ef2aa:g:YDUAAeSwAQ5povnV&itmprp=enc%3AAQALAAAA8GfYFPkwiKCW4ZNSs2u11xAiccmGVgsWBOa09l3q1mrGrZZx39FGVEJbzpPas6QzUu7cLRGnK%2B2lPwkoSdPcCKBziIiSsjRVUpMJaCxzxBt%2FAzg1KZ2EGRlLyIiTSq9o3uUnQoR%2F%2Bm0ZNatpmXqU%2B%2FrayqPedChNAieL4P5KRXH7I3GpXyCswGCJRowuTqQEN04y4jX35YThcS0QzPse%2BmE%2FgHoZW101NMF5ya2R0JYvd%2FCJqhpbDfZnj9IOZsAy%2BfTezmdRdCuDnWRTbubIx1n5Dgjj1QlsiI4WxFJ2qT%2FqvVXldpm3VGZXULav%2FWJFbg%3D%3D%7Ctkp%3ABk9SR6LDuJ6XZw
Yves Saint Laurent Vintage 80s Silk Parachute Style Mens Bomber Jacket Gold Xl,,£39.99,Free delivery,4 Mar 2026,0,Pre-owned,https://www.ebay.co.uk/itm/198144174642?_skw=Yves+Saint+Lauren&itmmeta=01KJWYE45TDN9C5414FHH9P8CA&hash=item2e22502a32:g:fFoAAeSwOlJowwLF&itmprp=enc%3AAQALAAAA8GfYFPkwiKCW4ZNSs2u11xDNuT1Sy%2B6%2F0JfS%2FL0S%2FHe7qOaHDZZiY0Z7kPyMXopIt9tegCpADJ2OiElajWAUP7H6VErQUjGRVAvnWGfFCsEvjO1n2bDT%2BmZ9sqcdwe10vr7sKpTA610h%2BPiQGblQgP5FCzfZkCEmoDs3dQudz%2FdGBeY37se0f1yyEWxswUrHocIFxAwV8Yf9t2jqqwT6xYL%2BpMNSFD%2BWMuzQ57ipdHBlaWRoCXTo9lDQbQhJyM4Bk3Er3oBEzMgq0pjv%2BcczRYPyNRSaYYNlSmKQgRX%2FneFbLvuArMHOGFVxYauOShABpA%3D%3D%7Ctkp%3ABk9SR6LDuJ6XZw
YSL Yves Saint Laurent XXL Blue Check Shirt 60/40 Cotto Short Sleeve,,£7.99,+£2.72 delivery,27 Feb 2026,5,New (other),https://www.ebay.co.uk/itm/397656750274?_skw=Yves+Saint+Lauren&itmmeta=01KJWYE45TX3ZAJFM8DMRPCDHF&hash=item5c963078c2:g:EhMAAeSwn6VpoXrO&itmprp=enc%3AAQALAAAA0GfYFPkwiKCW4ZNSs2u11xCtdX4ftYaEWxirvLEt5h8zoqmLpHlzGYIz4elD8YrBlLyvtzH3%2FCjtRV%2FLTLT5jb9GopogQHS7xrSemKRSkR%2Fqe5uyLZKvBOljq9B6xmvWW9E60JpBNobuKa1i697%2FYKo2GXbom3sI%2BlUF%2BERJI6c7KF5Pet%2BYkOEcCVa5SHR2tVF8XQ%2BXd919UnV0JNen8eYHToci68H5TEbKwgdC5Y4dKuAkOPL4iilYlmWnuUhARJuOdpri%2B7q%2BDuKT1ePDL4o%3D%7Ctkp%3ABk9SR6LDuJ6XZw
YSL Yves Saint Laurent Kate Small Gold Leather Black Bag,Leather,£350.00,+£6.16 delivery,1 Mar 2026,3,Pre-owned,https://www.ebay.co.uk/itm/188108221091?_skw=Yves+Saint+Lauren&itmmeta=01KJWYE45TCQ6EYBTTTFFFHMS6&hash=item2bcc1faaa3:g:UrQAAeSwkKZpnyCN&itmprp=enc%3AAQALAAAA8GfYFPkwiKCW4ZNSs2u11xAfw2eOEUf1jOKYtJphRNUujvuXXB4czyUjgfoQMuxhea5SNHMEzK1mZOkh%2BgXO8jOt1YWc7fLHZPpmh%2BrAKWg%2FPOKMYwUUsGUCaY2QPUX7oduuXL6sr21aZTlsCrXoxAdqeeNxm4VFYI1%2FhqpyBv10jYdz4QMgpPRSDBIy0NVHNxZcWnLGMItd3ncmbWcEHd6k1RLZ%2BXRr0UbcfrzpmFGdHowo16liOWi9zboyp8PqCCXsAxv%2B1NPkS2GfMwgARWfy14nGo9AK%2Fu67o03f2QTheHthfRd%2FbWE%2B1xLl1LwF2A%3D%3D%7Ctkp%3ABk9SR6LDuJ6XZw
Yves Saint Laurent Short Sleeve Shirt XL,,£20.00,+£2.94 delivery,3 Mar 2026,1,Brand new,https://www.ebay.co.uk/itm/127714117897?_skw=Yves+Saint+Lauren&itmmeta=01KJWYE45TQCK2GQRF43NGAHHH&hash=item1dbc5ac909:g:f3YAAeSwumBppYWn&itmprp=enc%3AAQALAAAA0GfYFPkwiKCW4ZNSs2u11xD4bpi9W8T4nI0bLYW7djTXvBsnv9y5rGX8l5zvOmU8XHrau9nqkQUiXEaaG7cQxUnpAa2I3NA5n8o%2BFnFlk4fE15D1F2UOuOfwr4%2Be0mgNRIm54I2f3mu5zBIsVolVhOpsdfL7Y2r5Lnm7zg61ityhrUqe7N9mLCyvTGO%2FuzOf2lu4h7p%2BecbRA70p5u9ckoUjt5puHNaae2okCr8HBUijUw%2Bo6fu5m6Hf7ctLFWKODY%2F9g5nxug8wSgcaxRbDu9M%3D%7Ctkp%3ABk9SR6TDuJ6XZw
Yves Saint Laurent 6552 sunglasses brown tortoiseshell frame YSL,,£57.90,+£3.38 delivery,2 Mar 2026,2,Pre-owned,https://www.ebay.co.uk/itm/389681955195?_skw=Yves+Saint+Lauren&itmmeta=01KJWYE45T6NZS61E42KZRWF4R&hash=item5abadac17b:g:tuUAAeSwsR5pow1s&itmprp=enc%3AAQALAAAA8GfYFPkwiKCW4ZNSs2u11xCPdAM2KWqN2P8OhIZ1yEJCyETO2yVciqZRRTIx4f9iuxPLj%2FpLnGoKTmp1%2FgFhob32EMnRw7H4wOitWoxTVPeG5ZhJvGVkHgGd4%2FUNavQu9ySbHtl8t%2BIFzuiHDILvobzdDvA4OQWjGq5CFVn6On0OxZ%2FZ6z09gVPsAcFTY8R%2Bv7KJBMaJfgBesVh4oWxL1O4d4pLrLIJwqVp0qd1UpotYKO%2Baa1KqFrFMXa0mQnIu%2B4FPk6fxliP1mcMJ5vuijSQJJaKm38w8Z23fzGzWSSgNiyeeqx7oGhlzp3EB3Xy1Xw%3D%3D%7Ctkp%3ABk9SR6TDuJ6XZw
Vintage 90s Yves Saint Laurent YSL Knit Navy Luxury Sweater Pullover Mens XL,,£32.99,Free delivery,27 Feb 2026,5,Pre-owned,https://www.ebay.co.uk/itm/406725639291?_skw=Yves+Saint+Lauren&itmmeta=01KJWYE45V5Z22Y83VQ7MR9BQ1&hash=item5eb2bcbc7b:g:qYoAAeSwpvlpoYwV&itmprp=enc%3AAQALAAAA0GfYFPkwiKCW4ZNSs2u11xDQ0rUvDTWDZO5NxFsmlax1cgvZODv2dXUlwU7MJEZcjIiuChwM1DPjsI9FhHm6niDMEzDtmu8WgJjxvpBbM4WTZdM0NtTchXdsUxZUEZe6kmOK3npxkjnjp9apwPyypFpVx0W5tZMoi5D3yFjpRJrRm%2BxjCExqbbt0CRznCqMpBipucx7Q0rb46hm0EnhZL2EbSbWetmas%2FQEfjNY5GKfbaD1sZXHKXLV%2FzIZzbo76MKLPL05WRNbeZjYLBn8vm3s%3D%7Ctkp%3ABk9SR6TDuJ6XZw
Men's YVES SAINT LAURENT Dark Grey Wool & Cashmere Suit Jacket Size 54L - H56,,£9.99,+£4.25 delivery,3 Mar 2026,1,Pre-owned,https://www.ebay.co.uk/itm/376994359550?_skw=Yves+Saint+Lauren&itmmeta=01KJWYE45V1E33BYPKV8Y4H5S8&hash=item57c69d68fe:g:kd4AAeSwXC9poKls&itmprp=enc%3AAQALAAAA8GfYFPkwiKCW4ZNSs2u11xBPZ%2B1bv%2F78pgmrYOH8dc2Jj4p9XjhaPzvFOpdaYkyYDtgJjbxmHMZ4kA9PevoXuHz8CuN1xUNbYbPQPprd%2FQdWudx011QZKTBwcXdvG7OO12VSa5ZIa1dUXTQlktBVUZAtUbEuUzKWd4igOTFxeHumfNN4La1yjcJeaMps6KVNS3r2tohibkIQgiFPu%2Fiq55%2FWkBThGEInQXEsBz69ZQMtgDQI5JObPv1c%2Bf4UsEirpklQeQnvCkQ3qznzkT%2BDhCDRvI7JTS3IN4iAXqO4mBhBO0WZZ5mUdO7PNDYrTqMhYw%3D%3D%7Ctkp%3ABk9SR6TDuJ6XZw
Yves Saint Laurent Olive Leather Satchel Top Handle Bag,Leather,£195.00,+£3.39 delivery,2 Mar 2026,2,Pre-owned,https://www.ebay.co.uk/itm/327021088074?_skw=Yves+Saint+Lauren&itmmeta=01KJWYE45VBAJSPSFT3QFKQWSD&hash=item4c23f9cd4a:g:~rYAAeSwP2VpKbG0&itmprp=enc%3AAQALAAAA0GfYFPkwiKCW4ZNSs2u11xC5SeGcxFaYp8jBmh0VtLbLHW%2FydmyQUd4jErE4psEsXiocK5UNq1MzPAcNRFQJqc%2BxXxP4EtQcLm4tYR2rumGFEXuA1XYKkAm5Sjepgiai4GS4hrKApK%2BhUS6vxcH0i2g%2FuBDlwTejZFmPL6%2FZyyMGxzsepocmSGfj%2FJpwPj1A0%2BXYh2seOC18W3%2FzUcgeUD%2B48EotvQcaB92tO0M9XfelhrXKCYa8q7te7zaljDvicv8ikfbZAei2MTPn7da938M%3D%7Ctkp%3ABk9SR6TDuJ6XZw
"Mens YVES SAINT LAURENT Black Cotton Straight Denim Jeans Size UK 36"" L05",,£67.00,+£4.25 delivery,2 Mar 2026,2,Pre-owned,https://www.ebay.co.uk/itm/389669649002?_skw=Yves+Saint+Lauren&itmmeta=01KJWYE45VZJFDQH3FFJJ11CDR&hash=item5aba1efa6a:g:v7oAAeSwl~xpn1rg&itmprp=enc%3AAQALAAAA8GfYFPkwiKCW4ZNSs2u11xAIiI1NdfyfOMZOvzSyKHxSuAGwH9Hwfk%2BFPHR4KFfD3FJxqvSVWEjci2QAw%2Fp9CWntljDgypgEKdHnHkDeAS3G%2FvCvJN7RHquQlAdq8EtPhTNgL21XTeXLW81z9ITpY9QmlB%2Bh7aufMmvZxLtQwXuMQVJQ4zUhcwK0XZEP9DdEQ%2F2yP7GTh1vcyjNnpgYV6tByTyifcNkYjqzwN50%2BB4xz5R%2F63Oupi3aKIzIEBVVFHLWbcMS%2Bxo6AeJbGDNfn0sLS4k9ecGMoTjZSM75LtEV31YaJvlRu0xwsFN54fYBLLg%3D%3D%7Ctkp%3ABk9SR6TDuJ6XZw
"Yves Saint Laurent Trench Coat Size 40-50, Colour Gun Metal Grey",,£50.04,delivery in 2-3 days,3 Mar 2026,1,Pre-owned,https://www.ebay.co.uk/itm/147173884568?_skw=Yves+Saint+Lauren&itmmeta=01KJWYE45VEF80VE3NYCS71303&hash=item22443f4298:g:FU0AAeSwD8NpoFVL&itmprp=enc%3AAQALAAAA8GfYFPkwiKCW4ZNSs2u11xATu%2F6hWzK5B1a3Z%2F6mvmUODLA%2BoS5l5U2q%2FE7YJWIgLWdVjm7Rkkvc3f4xJR2Py96b6Me5WbZVbS7OeDUbtKKJWkENGJQugKBRDyl%2BwT40EB8LoT4yq3GGuX8ng2yZXAeqVmo0AnYoIwh5MV3HtFKBOrOvcBB4Saw0bqnpwAjc%2FRBnbIOhto2aX6VjeY2dAMwI%2BcEdhcOa8TRMvNgAvPPFu7Qi6Qtkg8avS2Dc1HpI5yyBFe4ieEJcR0Oc8nPiLTW6Sk4EFWLMHkPR4JrFHi2ivElxZvXD1zWgl5wuK7f9nw%3D%3D%7Ctkp%3ABk9SR6TDuJ6XZw
Vintage Yves Saint Laurent YSL Black Designer Leather Purse,Leather,£9.54,+£3.38 delivery,16 Jan 2026,47,Pre-owned,https://www.ebay.co.uk/itm/198015490871?_skw=Yves+Saint+Lauren&itmmeta=01KJWYE45V0H9JTYG1W2JQEMRR&hash=item2e1aa49b37:g:nEkAAeSw~W5pU875&itmprp=enc%3AAQALAAAA8GfYFPkwiKCW4ZNSs2u11xD69DpeI%2F5dlSPkcB6kd%2BPfMl71uyUIB31PUFmul0M%2Fgvfai5KrmtBDlhCBgbv773lMtmT40UcyE3frRMoRAXyIoNgJlpELy0fWxI8VNmRhwZQrePC7rCba8bUwdLcqDKkF5dAflw4b8dfrdUrukaW8TWC4PG8mkbw%2Bg1S9M4ME0AZshQM6hL6fPAHqlPeHUWd6a32Gv5m4tA2oJsCiBCKQln09LHSt8GR9M7AkIF2to50i513XnN%2FBGiHn9NHJbOXlEMNUyimbTF6afWVzjODOkeJKLVpfy4HhZ9UjXU2zvQ%3D%3D%7Ctkp%3ABk9SR6TDuJ6XZw
VTG YSL Yves Saint Laurent Wool Charcoal Pin Stripe High Waisted Pencil Skirt,,£9.95,Free delivery,17 Jan 2026,46,Pre-owned,https://www.ebay.co.uk/itm/406580731000?_skw=Yves+Saint+Lauren&itmmeta=01KJWYE45V1VBVXNVPQY5H8XCR&hash=item5eaa199c78:g:7dQAAeSw7Z9pOELK&itmprp=enc%3AAQALAAAA0GfYFPkwiKCW4ZNSs2u11xAM0yVrp6%2FIW47ScWFeeCZim5wfw1%2FfRCGbsvbmBKq%2B%2B1Gzw2Y0BDtbXk6HvvYrvQvzQSGxfdIleCmd0PLs38GJ2bn7d3fxXJOHMnqf1Ar2uVHRXCTK7NVYET1xAWUpB2M62c%2F5xDNoH96ajuzqXp1uSUPmRqMOaE9znjMU2K%2FcQmWeUirLy3pJ%2FlbIjTVKyXm7PBcByCT1Z8pjkNx394l1mgphw%2B7qqFlICDW5PB%2FSLJv675RvDCK6KA3k6yBhyCw%3D%7Ctkp%3ABk9SR6TDuJ6XZw
Yves Saint Laurent Rive Gauche Venise Velvet Jewelled Shoulder Bag,,£250.00,Free delivery,18 Jan 2026,45,Pre-owned,https://www.ebay.co.uk/itm/177758675998?_skw=Yves+Saint+Lauren&itmmeta=01KJWYE45VJCHA00XP5250Q6P4&hash=item29633e241e:g:zWIAAeSwQfppYKLL&itmprp=enc%3AAQALAAAA8GfYFPkwiKCW4ZNSs2u11xBsnja6HKydetT1VudVgjYPC99GR80hzZvLGMkhd6K5q9rkUJg7jh75JDjhyVl7QOeNoym9wblCoyYEky1cDBoOPi9hFn5drOdmXcEa2z4OARf9Eo7XQoOjToaVmdPPpfDiiEKY1qyUTdZQzA7whb%2BZgsw7r%2BMPg6b3RZD%2FR6PpSATTJev3bgytRAjS8YjW6%2FqLTXEcJkbr2FP4w%2BWwAjrU%2F8tJ9sUX7%2Bjfrv9fHBwDky%2FnN7MpcGvAS9OiS%2FhFxgiorW4%2FdE8VjOgdCRB4aitEmKhB0O4koJLjoeoMhgv9Aw%3D%3D%7Ctkp%3ABk9SR6TDuJ6XZw
Vintage Yves Saint Laurent Rive Gauche Silk Blouse - Geometric Ribbon Print 36,,£36.00,+£4.45 delivery,18 Jan 2026,45,Pre-owned,https://www.ebay.co.uk/itm/306705569465?_skw=Yves+Saint+Lauren&itmmeta=01KJWYE45V4QQBN9D8MQ9DQ633&hash=item47691396b9:g:Nc4AAeSwbZZpY~pN&itmprp=enc%3AAQALAAAA8GfYFPkwiKCW4ZNSs2u11xALuDAnqevWMnKvdca8UGsbNFCXpsBs4aan8raKmyfwOdDZtlQswYenw0mqHWEzazoFY%2FppsMX8JPoCgzOByXJCxdlpg0CJQBlG5LettTx132FCBCuS5LaqrqfJ0Po4sTVCDh%2BqSpoo3DY%2FeHRoc0lObwEdkxSpL6OzznjKe6RXsKCEJ%2BZE6ZWxTnIPqXcWx2J2KdQqQkJbW%2Bc5tcX0RkLibANyO2QV9HZ3iroBijGaHDoyRrY%2B83e4bz%2FBYmzKfCjNo2WqMUXwfsGni28fonP85xz3TzHMnZ2iWFiab9af%2Bg%3D%3D%7Ctkp%3ABk9SR6TDuJ6XZw
Yves Saint Laurent Stockings Women's Bas Femina Size M Vintage Wear BNWT,,£16.00,+£3.50 delivery,28 Dec 2025,66,Brand new,https://www.ebay.co.uk/itm/187866166512?_skw=Yves+Saint+Lauren&itmmeta=01KJWYE45VQA6FXVXEJKJ75Y6A&hash=item2bbdb234f0:g:fyYAAeSwamppOEUj&itmprp=enc%3AAQALAAAA0GfYFPkwiKCW4ZNSs2u11xAzounoASH8QxrMw6F9jQ6sF%2FevVTOkLckatvw53FXwUf%2BzH2vnP%2FUpYOcMm%2BdSMf5OTf9xHMOkmLe7OqvucXKNf%2FfhP5Jq0%2FbbsD7cNN%2BQc458kmbQafUcMcV5pg7hlsYKtyYG9NlFSpDQlGn8%2BEYNqMCrjZsfi4h%2B9Bc15IHZQQK1IGEOrBGfbrxwoU4H4jkv%2BtbqpRgbTTVOYnsy772pKNnFRjpLk4rwoCLLTHhbxo4u6J8US8iw8VWd36bJzm0%3D%7Ctkp%3ABk9SR6TDuJ6XZw
"YVES SAINT LAURENT YSL Ladies UK Size 40"" UK 14-16 2 Piece Navy Suit Pre-Loved",,£79.99,+£4.99 delivery,17 Feb 2026,15,Pre-owned,https://www.ebay.co.uk/itm/177851802264?_skw=Yves+Saint+Lauren&itmmeta=01KJWYE45VBS5JX885EP9X7TGY&hash=item2968cb2298:g:3N0AAeSwG8Rpi4Ga&itmprp=enc%3AAQALAAAA0GfYFPkwiKCW4ZNSs2u11xCHRJot%2BaWHFud%2FPbOpDY046CM2D%2BaX19G%2BU6CDvOh6c6NTYVZhJRJdWEc2aSCMX8NCIqwGAds%2B6Pt0ASlPUinPgPL8MSVpS%2BsxV6lWDo%2FYZd1AQkjo6JugtkNCpVjDVpP%2BOGvVierP6pxMmWT4RhG61YsZddFpYs7fDolvVuY1A70hmIo1Puc3UMiAwI7lXZx%2B0tut3ZQ5oWBWv%2BAKxYjTXyvUVqVgxYbhCmNW8iqwYrFwaZGrXQV5lZAv1Z8XcKA%3D%7Ctkp%3ABk9SR6TDuJ6XZw
Yves Saint Laurent Vintage Blazer Jacket Size Medium,,£3.52,+£3.38 delivery,4 Jan 2026,59,Pre-owned,https://www.ebay.co.uk/itm/317696972961?_skw=Yves+Saint+Lauren&itmmeta=01KJWYE45VTCKB1Z799BBHHEXS&hash=item49f83718a1:g:hsUAAeSwEo9pTUX7&itmprp=enc%3AAQALAAAA8GfYFPkwiKCW4ZNSs2u11xC5q%2BAnPi%2BpNC0ob%2BP88RVli7dr6x7%2B6%2FtiCHbK%2BB6B4loYbDWMq2E%2Bzmpny7B%2BINdZEF65ez5xOOjqHNnKc%2FU59LxauHXV9Q3z8fk8kqvV%2Fxne1Q80bBphJi%2FBEQBQ17SBPAuESUJ23FZ5J4GBlsAFN8T9RCVzlGkbQk8G0L4xshdSRMS9NdnTZoQs7Xg9z2mGvTir1FvpclKvwDufC1M%2BWM8bsldZ4MdRRuUn0OESia%2BgUyK1vmxsiKJpGIcaGLg9iX2FrU%2BvDuEO%2BTX1QBimkwMssVDPOFwzQnwDom704A%3D%3D%7Ctkp%3ABk9SR6TDuJ6XZw
Yves Saint Laurent YSL Designer Tan Vintage Leather Wallet Purse,Leather,£2.22,+£3.38 delivery,16 Jan 2026,47,Pre-owned,https://www.ebay.co.uk/itm/198015498208?_skw=Yves+Saint+Lauren&itmmeta=01KJWYE45VB1T0FB0DTT73R4RC&hash=item2e1aa4b7e0:g:2d0AAeSwv6xpU8zk&itmprp=enc%3AAQALAAAA0GfYFPkwiKCW4ZNSs2u11xBgJ41sp1bBjROLkPp7rr9zraovEm1%2BmBuo5hzYSK2W71pvQJfNameMzaX239VEtaIbARu%2FVAaLPpg3Taz83qUnfS%2FbNNKf%2FfzzQs022Aa3mrgcj2iCHB1ZPJn1Fi3KQzQFMc7pcC2h3otIi%2FWwayqZdTf%2B8qKDpdKvgqcqrFDSheP9Bhn5OlNk6fWxVB7SQqdjGD31WTqjgLlFW2jE4UGJ98l6HPZtx1%2FtzvyQi1miiVovWD9wicONc9AxH3peQus%3D%7Ctkp%3ABk9SR6TDuJ6XZw
Yves St Lauren Pour Home Polo T-Shirt Large,,£5.45,+£2.94 delivery,20 Dec 2025,74,Pre-owned,https://www.ebay.co.uk/itm/177066503303?_skw=Yves+Saint+Lauren&itmmeta=01KJWYE45V4HMV0A8FNRB6H9F8&hash=item2939fc6c87:g:L34AAOSwN~VnZbWy&itmprp=enc%3AAQALAAAA0GfYFPkwiKCW4ZNSs2u11xBvoEncj43mqY5%2Btud%2F6y%2BpGmGRiUJr9q%2BgLneF81CQYwSuGr7cNi0TBqTs064nsSrniymyGD1KjzDqYeB%2BC2E2%2Fl%2BMB6AFu1vpWoIsZ%2Bctx0FDvSqRYhdmv%2FSFdwRXBrSZTIrsFWJshdFpemMf2l4prABrq4iv17L%2F20XWwoE%2FLFRwOncn%2Fo%2FCvdHb7PEmeQDx4f%2Bxj6IQ8bS0lsXETO7CwkOuSxOTOR6oIJtwPhsvMjfiawfCkglJ2%2FgXl3HRK0o%3D%7Ctkp%3ABk9SR6TDuJ6XZw
Yves Saint Laurent YSL Leather Hobo Shoulder Bag & Pouch Grey Suede - 003 GA,Leather,£59.99,+£6.35 delivery,31 Jan 2026,32,Pre-owned,https://www.ebay.co.uk/itm/257320864308?_skw=Yves+Saint+Lauren&itmmeta=01KJWYE45V7QM21SWSBHPQKP8Z&hash=item3be984ca34:g:QSAAAeSwbFxpcN2E&itmprp=enc%3AAQALAAAA8GfYFPkwiKCW4ZNSs2u11xDxRTDLweVMiYXbSNVmcz7GaVnbvw9G%2F1yBJHuRue6LpCkjcdkhqFww6rrceHrYURixnvIlztoqQqCadK5wpbdjc4IAX8MvSCHDVdcwdbGCYIJn1UzzdPoezCvRVEWPXtDkalEegKfy3qAHO7%2Fi4Ze03UACw%2BFzf5%2FowhSahWKHUOl2nSahIrJ7iun2neU6ynkuPBoky9YPuOV6wekg8QzxaPRNAupEYBYORwossU9pMzzlemfDO9ExKRDvXH1Twy2Pbo%2F7qf2p68kKhVdFY0YoFiMp88s8X8%2FOyxj8dvR8pQ%3D%3D%7Ctkp%3ABk9SR6TDuJ6XZw
YSL Yves Saint Laurent Grand De Poudre Gold Quilted Envelope Small Crossbody Bag,,£350.00,+£4.26 delivery,13 Feb 2026,19,Pre-owned,https://www.ebay.co.uk/itm/168156472037?_skw=Yves+Saint+Lauren&itmmeta=01KJWYE45VB1X40HS6Q13N4TQ9&hash=item2726e822e5:g:bFEAAeSwNnlpV1~I&itmprp=enc%3AAQALAAAA8GfYFPkwiKCW4ZNSs2u11xATlt%2FdgG9vqXSsmD8P0q6RKApvGzJvpj15X5XF1fDN2w4%2BBOAwfLBsxUePfGMpB%2Bnj7MzEe7oNwdataxvXAxOFyle4jg20rZRdqix5j5YvVOOw2RrpM2OHFLTXU56rsgpXUSkZjF9AkCXI6qfQC8%2BRpoC%2BnpZc9BnRndL6cgc63NF%2FGPg9aQzSoylsVhYSupvppnZwZxleTJfRChQd02uTZ9RJBmP80aXmSyha126LsBLX%2FhXz62MrY93%2FJ4aEk8dRrwRu%2FDb5Fekv8MbYujszIZKNZ4vQa561to1jI2uNGg%3D%3D%7Ctkp%3ABk9SR6TDuJ6XZw
YSL Yves Saint Laurent Vintage Star Logo Black Crossbody Bag,,£123.07,delivery in 2-3 days,26 Jan 2026,37,Pre-owned,https://www.ebay.co.uk/itm/157633042718?_skw=Yves+Saint+Lauren&itmmeta=01KJWYE45V3SR8JY3KSDVQ81S7&hash=item24b3a9591e:g:YvIAAeSwEvRpZSdw&itmprp=enc%3AAQALAAAA8GfYFPkwiKCW4ZNSs2u11xCt3VbkoN46kUSrkvLLLzeKCxW0zJRhrIpvrJzakHGa0E0GgKxJ6tHRTaKtS%2Bq8Ec1cZB3Yx85xjVILXSYWjHU%2BNpoJRTKcEr2Au5P86xR8k6JEfwp2AU6qqJeODj2WsZBlsJOwZgnp7jrj9U3mSR4WU2oiEU3%2F5s9CUxKFpdgMDXRcTuqQCyS3Zbo1shM%2BVr0sqyOmnaUht22uTAHvcop4CkWx4bUw0rRcJ5Gei7MEA6DeG%2BT%2FNAlgtlAd0fjeiQx3e4uvbE9u3guD4kVnt%2Fg5bimNz3l4rXPrGPYKW0u0NA%3D%3D%7Ctkp%3ABk9SR6bDuJ6XZw
YVES SAINT LAURENT Ladies UK 12 Vintage Lemon Luxury Blazer Jacket Pre - Loved,,£32.01,+£4.99 delivery,12 Jan 2026,51,Pre-owned,https://www.ebay.co.uk/itm/177747278333?_skw=Yves+Saint+Lauren&itmmeta=01KJWYE45VJZ45PX15WV0495P9&hash=item29629039fd:g:QKkAAeSwK2JpXA2Q&itmprp=enc%3AAQALAAAA0GfYFPkwiKCW4ZNSs2u11xDXkFbfTzyjEUbFUBF9Py%2ByGGT4fJe8kzLUjlXx0X%2FVTjfe73MWzn84UVh28AdqIMpujp78kMBY13lJ7A%2BxQk8ndVFLysPSN0FyxBgmn5urcf%2BU64jNC5FTcE6ovEx%2BHY31n%2F5URAnYICSMzMC0sq3d2TqT%2BiGdueaiuPiI6aNdrMfesasfPk%2FJfUwxBIKyTXCvE3UHsHQ41e2I4jhM0m9I8Cc%2F%2BNkWolDMKkv5%2BlW6M0wvf6boBjk4vweJ4nJCmgM%3D%7Ctkp%3ABk9SR6bDuJ6XZw
Yves Saint Laurent Vintage Cropped Jacket High Pockets Shoulder Pads Size 40 HOR,,£31.00,+£6.70 delivery,16 Jan 2026,47,Pre-owned,https://www.ebay.co.uk/itm/366122325822?_skw=Yves+Saint+Lauren&itmmeta=01KJWYE45VJ46SKXQS1H35F2B8&hash=item553e97573e:g:9mwAAeSwAkppZqZ7&itmprp=enc%3AAQALAAAA8GfYFPkwiKCW4ZNSs2u11xC4G2EmksI34wCjjsd0AbtZBH2sGsRebXPPQmPUVKd9fcCis5DaITD29r%2FO5mJ5Eq2xkiHlYjLCYYJWXdrg4E3L8XVuaR9vL%2FAoYMpAvWp%2F4oj8rxcI5uahWdkkIOS0z78QkZB7ANXqyX99HVqD3KaMbbWb4YTiF%2BnOpDg--mqmEO5ARevmH0H56MjuW6iJlPnZnfIioTFU7kpwmWGA8e9QsmVauIoRDI4Cw6%2FN3OYhtpy4dg1doqNyVW4f63mZQQPPuQaEDqUuRMErh3rIBCYyUjMyRCCb2W4WyS0THG8BCg%3D%3D%7Ctkp%3ABk9SR6bDuJ6XZw
"Yves Saint Laurent YSL Vintage (2008), Khaki long waistcoat. Size 42 (10/12)",,£30.86,+£3.38 delivery,16 Jan 2026,47,Pre-owned,https://www.ebay.co.uk/itm/389473628420?_skw=Yves+Saint+Lauren&itmmeta=01KJWYE45W5GE7SW70EY4V4N03&hash=item5aae6ff104:g:WPUAAeSwqYJpV8Sr&itmprp=enc%3AAQALAAAA0GfYFPkwiKCW4ZNSs2u11xB%2FpEVu6rhwjssSuK7Ps5cu4JCdqKZBR3OFfhl6tJL8pP7AzWFc1fBZ38DypC2Jy4jmoQxKqiO4aoPxz%2FO5EViabAkcBqnqlIsgMF6oRb3%2Fe7wVNPAHywmEp0dI8ELVYq3zjrAz721WvNM69Br%2FFicBSEu4JX8GhwlWXTchHkLsChmiXmCrQabn4IhPYFKRFvSemx4WXUd4GJeWLwZtOEdc1EVk%2FbBCA8YVw3%2BllEQnKeST59fLvcFWUqAL5DjF6n4%3D%7Ctkp%3ABk9SR6bDuJ6XZw
Yves Saint Laurent Vintage 1980-90s Double-Breasted Blazer Jacket HOR,,£47.00,+£6.70 delivery,16 Jan 2026,47,Pre-owned,https://www.ebay.co.uk/itm/366122323841?_skw=Yves+Saint+Lauren&itmmeta=01KJWYE45WM0HGPFCB222YWMFP&hash=item553e974f81:g:dtwAAeSwKaRpZqWR&itmprp=enc%3AAQALAAAA0GfYFPkwiKCW4ZNSs2u11xCw3Y4evmV67TNfEljyWj70wgsJAjjEcFmBTQdOIIv11HvWuCKMz0WlCUQdr3L7SUieD%2F2FnkFmrPtzCyY7jVDpQmC8c9LisbgRBzcxq%2FglqJrpDEeeCEG2mYHAxSlUQjLtw%2F23dxgyCezsxvnBauZ7VZRTd6MBZjr4dZmK8MB2CpHznGBBic3z7EvQoVnrL63RYAjLuN22zdDnTUzWmEVz7GTSmuD74UDZnU2zqHMI%2Bo9QXXYwAmn7M%2FpB--iMLWw%3D%7Ctkp%3ABk9SR6bDuJ6XZw
Vintage Men's YVES SAINT LAURENT Classic Beige Belted Trench Coat Size 40 - S21,,£47.95,+£4.25 delivery,21 Dec 2025,73,Pre-owned,https://www.ebay.co.uk/itm/376782317043?_skw=Yves+Saint+Lauren&itmmeta=01KJWYE45WPEPKKCSNFYWM30V4&hash=item57b9f9e5f3:g:jnoAAeSwnW5pQcGC&itmprp=enc%3AAQALAAAA8GfYFPkwiKCW4ZNSs2u11xCr0YEJYgkkiPFpnLBUkkH1PYA9WSa2LqvgetvO8h4ezrFbQEmmVPLlMFoK%2BUYK3DzcHA2jVTbRnEsJYCN7fElPSQgvbUMoTiTd59ljmbhR7fjzXAC65LQa61DVAEAgtRzDLqL5Yu1xyDWBYIjsuRdhG9oUtHdghaD%2FlH086yjzRdk%2F8sh%2ByWv0wLG66d3sN40qI1NM2Jcw5bl%2BBhZW70ldLSBKlx6AQIA2YiXHUMOPf%2BU%2B%2FHWQAmp0WDVEBEagVI8JeWlYHAxQOhWF21gxElMQvbl%2FG0IW8YOf%2FDjRvamHZA%3D%3D%7Ctkp%3ABk9SR6bDuJ6XZw
Vintage YVES SAINT LAURENT VARIATION Black/Red Wool Velvet Collar Blazer UK8 H71,,£100.80,+£4.25 delivery,18 Feb 2026,14,Pre-owned,https://www.ebay.co.uk/itm/376962550003?_skw=Yves+Saint+Lauren&itmmeta=01KJWYE45WDHG0B5Y5Q3D4QZQ6&hash=item57c4b808f3:g:wVEAAeSwKn9pj4Xd&itmprp=enc%3AAQALAAAA0GfYFPkwiKCW4ZNSs2u11xApVCC%2B8uAZ2vVXAckHcjGlwSVuJYK6bqY4Fxgx%2Ffs7L2Ka7hxpgVvzyP704n8oJuj1%2BvHRylMewWueqNfNqpsFXnWpUrveybMn7FQRBbVMKrSSJQDXsxtlgaB9wdrNc8cTIOb8DVsYWltLrm90ymbcX%2Bm7iCgiBurDC26nEaOPOXrHidbd0dMoV46%2BVaorXO94T7KPOfQw1MrBa6COMX1Ipas2%2FzQGSQHOwv2%2BVzUly%2BMJgHd8mQpervmRs5oeapU%3D%7Ctkp%3ABk9SR6bDuJ6XZw
Men`s True Vintage Yves Saint Laurent herringbone Blazer/Jacket 40R,,£16.15,+£3.38 delivery,15 Dec 2025,79,Pre-owned,https://www.ebay.co.uk/itm/286997501789?_skw=Yves+Saint+Lauren&itmmeta=01KJWYE45WF481Z3SP7NHC5CE6&hash=item42d262575d:g:-MsAAeSwedNpJEPK&itmprp=enc%3AAQALAAAA8GfYFPkwiKCW4ZNSs2u11xA1I1v7i04FIHS1pVF8%2BDElIGo8kgBGceAQ8qayUJNQjyJiDpfVGqCsatPWfRIbF4egBSw3DBriaY8e8zIZAxrs2qh8TKSgPFSJNzWKtZoSLO5FpCZ9W4XRoV%2BtxdMMaXfPQVYxC1zy%2FLjXCVGiLSKXuInryt4RUQGkjmBi1tEemjRq79Fy%2FnrtW%2BmN163IVVy7jZ%2Bc5o5WehU2ZigWODDqLEEfDVtkOGYqptadXcDOEmXbiXjvklPlUsxtJ9vyLny0J9MPH0lCLBM%2FDacZuMWlRh717VAg4635uFLJQr4nbw%3D%3D%7Ctkp%3ABk9SR6bDuJ6XZw
GIVENCHY. YVES SAINT LAURENT. 2 VINTAGE SILK SCARF -BRIGHT DESIGNS,,£34.20,+£2.80 delivery,9 Feb 2026,23,Pre-owned,https://www.ebay.co.uk/itm/236614185769?_skw=Yves+Saint+Lauren&itmmeta=01KJWYE45WQ7KPY5S4D9VD01SM&hash=item37174df329:g:f~UAAeSwUBJpgO0S&itmprp=enc%3AAQALAAAA8GfYFPkwiKCW4ZNSs2u11xBLS%2BFwfro92pYIOJwf9W2PXqQMV4ib04gMEMltolfe3sUdVmjMAk0F5CY6J31z0E2urj7nzLCYb3MxTlHPnAJ9r9DHV%2BeSWPxP9p3cJbvT3SKA%2BbJo8HS6y%2Bq99IqZ2jlNxpE1j6MSFM7eboXqbFsq1MwZdNR%2FoFHzzyovgFSEcbhJKgtn2bkwVFfQoyTmo5poLZZaKsTXulpW1kY8Ic2bkmeOs4CMvvQMygfqbrmKdB1dYfg5XigeNJWLcbcr1wx3EgHSQVAGtEgkfeMjmXZNvmLT6oT5I%2BbPZmIJKGSwQw%3D%3D%7Ctkp%3ABk9SR6bDuJ6XZw
Vintage Women's YVES SAINT LAURENT FOULARD Black Silk Beaded Lace Shawl - W34,,£135.99,+£4.25 delivery,20 Dec 2025,74,Pre-owned,https://www.ebay.co.uk/itm/389375525217?_skw=Yves+Saint+Lauren&itmmeta=01KJWYE45WSVKEMSJ8320XVHMW&hash=item5aa8970161:g:MS8AAeSwob9pQG8X&itmprp=enc%3AAQALAAAA8GfYFPkwiKCW4ZNSs2u11xDn17VNgdZYOaRZiAgwcuh8v%2Bq3h%2BF%2BUuJy1a0d2CoCp7K0cW0V5UGAOJ6v6MtxLOpM%2BPALzbh7sp8we5EeGc4bUngqu9qzFhRSjuXUGyFUPXAm13mxIePkiuRLVYb0x%2Fec56GjpnppyaNpXKYbBRHJmc4z%2FwqOQU4nPUiAlwuQK%2BNuzaKVS6yJuyxrhRT2JBYvb%2BerMirGGoCVxJKMDbM5dhc%2BuRkLFRb01YEmijyl39suzsTUdbjVCCE4dPgy2jkzFXFQGqA9m8yQ0xk5i0JfFZEJLmY7w8DooPASQszYhA%3D%3D%7Ctkp%3ABk9SR6bDuJ6XZw
VINTAGE YVES SAINT LAURENT OILVE GREEN LEATHER CLUTCH BAG - REDUCED !!,Leather,£31.00,+£4.99 delivery,15 Feb 2026,17,Pre-owned,https://www.ebay.co.uk/itm/137018785771?_skw=Yves+Saint+Lauren&itmmeta=01KJWYE45WD7ZR23HXJGX0HV5Q&hash=item1fe6f4bfeb:g:WFkAAeSw7vxpbk4h&itmprp=enc%3AAQALAAAA0GfYFPkwiKCW4ZNSs2u11xCaawLjWWpsKtsgt6l2FVkPnYDXXPBDNh22Bl9LZKtdNnhY6MGnJrPuC9tND5ApWp9ofIkjmoeXve8x8Qxn2a50FArIpQ8EenR5iKEx9bsO41IazE5aDrq3snhRpwaAVBtUOY1v6Uzi2a9ivjGwE2VC5yuien9BQrzmprsS%2FeDEzrvVeICGSOJRUc3zy6Xvaj1znvX%2BpF4Aei0vp8%2FrMYU4v9Kzxl%2FORsKzr%2F0nae5xFf9bTdbgDmaMc%2FMjo0FWrLY%3D%7Ctkp%3ABk9SR6bDuJ6XZw
Yves Saint Laurent Black Tote Bag YSL,,£110.96,+£4.26 delivery,27 Jan 2026,36,Pre-owned,https://www.ebay.co.uk/itm/336398232453?_skw=Yves+Saint+Lauren&itmmeta=01KJWYE45WDE94BRVFVTQ5PEH2&hash=item4e52e5ab85:g:4IwAAeSwCONpb9Nm&itmprp=enc%3AAQALAAAA8GfYFPkwiKCW4ZNSs2u11xDCiorSAhYEiO9I6N2B3oZToqOmPRgfVCpPGkC7uh2Zu%2BoAZVfyQpLT72mqgOAyw4qOvwV0BfAYFOFLuDWXt8xGp0Q3H%2ByCKZ6IAN6WJAfefmKnkLSJv4DXN28%2BwZxzcyLob8oaZDQdWhOXRSdFhWn92OGqYLmzRSoHrjXW95Ayp6x4KOoqkp%2F0SKWVhErdMKEM2bt0QFIPLMDOeDOmMTG0dwPPVUuz%2Fc2vMnlmhU2BUHgT%2FqPxLYdj2nWPGXu0no9PUA3321tZZ%2BxyHvRcgi1UBZS%2Fdf8p3oSFO%2BEwZLUBKA%3D%3D%7Ctkp%3ABk9SR6bDuJ6XZw
Yves Saint Laurent Jacket Harrington Style PVC Large,,£29.85,delivery in 2-3 days,1 Mar 2026,3,Pre-owned,https://www.ebay.co.uk/itm/287071563928?_skw=Yves+Saint+Lauren&itmmeta=01KJWYE45WZJH4PPCGWVW7NKDZ&hash=item42d6cc7098:g:GlMAAeSweG9pZfEx&itmprp=enc%3AAQALAAAA0GfYFPkwiKCW4ZNSs2u11xCw%2BHJ4vQsT4FJHo7xuTHaGDDHj5khnPMNVKm7DP%2FPUjYlYQpfxdzOq39oG3nsiev8ilRqkFQjXRS6pZDcod00ZnvBEm5yeww9vmGu7G799EUczqjI7%2BeLPaN56X%2BTaOXZhMaXjG%2FOfS6g0zl%2FFho9QQGSI3OucfWOf2f0dwNQmYaum3BCGo1jfaP9%2FrUoEIwJSyNWBMJuDnrB%2FIAOukgEAkr2yOKJ06OulJSU4gen10uc925mfaxqd4dwit7K6RnA%3D%7Ctkp%3ABk9SR6bDuJ6XZw
VTG YVES SAINT LAURENT LUXURY 100% PURE SILK & LACE FRENCH KNICKERS SIZE M 12-14,,£14.50,+£3.20 delivery,14 Dec 2025,80,New (other),https://www.ebay.co.uk/itm/136827110142?_skw=Yves+Saint+Lauren&itmmeta=01KJWYE45WDTG754CNJJCB9YZH&hash=item1fdb8802fe:g:2vAAAeSwhftpNdyt&itmprp=enc%3AAQALAAAA8GfYFPkwiKCW4ZNSs2u11xDA64tu4ac46Y0vtsY5Fb1b%2FZQbhRg2oZBZ9TJgUi3kuzzZZTotm8SSWfWb0ba7iKipBKr43jMwBxAh6SCtYs3uAYuZ8RvcTk%2Fo0YlfiKnnBokRRicUln2NBh5pDN5Thmjxllvyi2f6o%2BlC4AWK1e0MX%2B2UaiM12e1bpUf3N7C10jNeSPVG9K8vCkIzSEF%2Fi2kO0iec7rSyEBa1oy3XD6N20Vk8ssffSzy3zc9Zxek7UwW%2Fm5kJgFnTw7iGcAhVHSAlZzW%2FrON%2BlhFvmtOu0LSjQgfOD2hRuhS%2BV9nIPRoxYQ%3D%3D%7Ctkp%3ABk9SR6bDuJ6XZw
Women’s Yves Saint Laurent Ivory White Evening Blazer Jacket 38 Silk Lapels,,£100.00,+£3.45 delivery,28 Feb 2026,4,Pre-owned,https://www.ebay.co.uk/itm/327009418462?_skw=Yves+Saint+Lauren&itmmeta=01KJWYE45WB4R7ST960D6MA8MY&hash=item4c2347bcde:g:5awAAeSwUH9pl3QY&itmprp=enc%3AAQALAAAA8GfYFPkwiKCW4ZNSs2u11xBzb86KYIC1D4Fm7im9DPDRCU%2BsNvDxMJhPeyutkH4Huvc3fXCQf0wrGElcyaybGl%2F%2BoZ2Yiogjptq3rn9ndVzYPshrMH6bYJrMto6%2FnHK1btyKfc9mfIJLmyGzlcnZ31elzNfi0DkK%2FdRdwB%2BvY5736x4JI05q3Ph8uiu9BYy2qlLa%2FF%2BRIDmrhRXLV9MtwC5J8Aao1KbPQkROH41pzJeTQlFF%2FZTaqafoLkaU%2Fi%2FOsfHvI9twE94BMCLsI0Hdoq5DmIslAOzcnJYzFcH4GGa0RGGrlVQu5Q%2BzLwpgXXvmog%3D%3D%7Ctkp%3ABk9SR6bDuJ6XZw
Lizard Leather Handbag Model Lizard Leather Handbag Yves Saint Lauren JjY90,Leather,£419.22,Free delivery,3 Mar 2026,1,Pre-owned,https://www.ebay.co.uk/itm/147147014075?_skw=Yves+Saint+Lauren&itmmeta=01KJWYE45WQGDV4NQ0G4B0WFSG&hash=item2242a53fbb:g:5OwAAeSwgeJpizRa&itmprp=enc%3AAQALAAAA8GfYFPkwiKCW4ZNSs2u11xChJV568yC6nGaVZgRig9Th2f6TXrikdFk0VsMyUBfUr8sdwlWPGAZWv369s1gXj%2FhvVK3kbw2HfyDwDR%2FrEGJlWbK6L6ggsNkB4xxLqhCY%2BUCCODZLD1P55Nh6U0XceBTfeFbdCTAjSs%2FaxjV62a%2Bi49A5oYgfEPB6OzDJTxbEGnt4t4Yl%2BCkrw52IeSvwHh8gMmt6dqiegZQ92Jai%2BWSS7D2jMtoSYSwqeNHFxmzYcJ5jWsc%2BW2hENwJorHHLNux1rSj8f3z1KicMDQ4seI8gUmLfWBoaK1JdgldfAFUzLg%3D%3D%7Ctkp%3ABk9SR6bDuJ6XZw
Yves Saint Lauren 48 men’s grey suit jacket 2 dots blazer Super 120’s France,,£35.04,+£31.26 delivery,2 Mar 2026,2,Pre-owned,https://www.ebay.co.uk/itm/396744954371?_skw=Yves+Saint+Lauren&itmmeta=01KJWYE45WT4SW3JBBBRM4D48C&hash=item5c5fd79203:g:AtAAAOSwmwFoSWdw&itmprp=enc%3AAQALAAAA0GfYFPkwiKCW4ZNSs2u11xAThizVkpU5ZsTZhuMS%2Fhr4y5xBQQJ3DY5fruDotji%2F5eQ5a4hm72ORKy9f5v5adGwj0%2BvWiw1Ky5PFiFWYMNavYRh47808GFKfmTH8zbkxgfaGdgJ4bK4JS6SuSGX9jAu1Hcg7ZoTkt1g8Q3rXfd9CCu2lnnZTvHasgVCOM9X4z7%2BL8PbCgrzOFs4A2POqK9xw7hUa5RnAZiOza2t1BRJLWKCBVQZz8N7w9Sl8dxFkDpuChXTSqulkM%2Bi8Cdp5SmY%3D%7Ctkp%3ABk9SR6bDuJ6XZw
VTG Yves Saint Lauren Polo Shirt Men's Small Gray Dark Blue 80s 90s Preppy,,£35.93,+£18.83 delivery,1 Mar 2026,3,Pre-owned,https://www.ebay.co.uk/itm/366057051686?_skw=Yves+Saint+Lauren&itmmeta=01KJWYE45W59MNBXMNH25BBNR0&hash=item553ab35626:g:ungAAeSwuEVpPdMV&itmprp=enc%3AAQALAAAA8GfYFPkwiKCW4ZNSs2u11xDnxnxobppz7neZ2FMlEkjckFgp%2FljbjYySR%2FTOV3R2pJrtxfo8J7HR5hxb%2B2x8SZGRSmVvXYI70KrQhPHFSu765NvIGI1ZU%2Fjct5C3ng%2FCaUNTnSgGIUeRJGxBqLRtZ0hy0Jas9%2BC7ZJ%2BcHNTrVnldOx6UXsKTsHV%2Bz6dr1nL47fkJYptrmVCmQpnF1Irll5Imclqbtl7eaD28%2Bcy%2FIgYx%2Fp7X72s81IcASyAt%2F%2B2bG6SXSPqzgrd%2BFbZhe1pfWOkjuJe4ZqdrWvlbWWLJOitHyCqbixxZQLqc0xRjy2n4Aw%3D%3D%7Ctkp%3ABk9SR6bDuJ6XZw
Rare Vintage YSL Yves Saint Lauren Logo Denim Jeans Pants Size 36/32 L,,£75.10,+£17.97 delivery,23 Feb 2026,9,Pre-owned,https://www.ebay.co.uk/itm/127606221986?_skw=Yves+Saint+Lauren&itmmeta=01KJWYE45WJ3MGB7RJN9Z32NX1&hash=item1db5ec6ca2:g:Qm8AAeSwGvhpXDZt&itmprp=enc%3AAQALAAAA8GfYFPkwiKCW4ZNSs2u11xDNNDfhBjkms%2F1rSXakSqVhmCNV5fH7FxM2ToNGJFL8zb%2FEgJuxp2Kn%2FwHt4EJ%2FgxpTNlCxWpNgrJzsTfpvroDYIFhocgW%2Brq1RW%2BslVRAn%2FSjstfBAXVzp7bHIbA3wTfjehRrBOMFUlKrzKUm9WQ6Hopk0FkP1GQnABec3b0v%2BCi5CJ7QjMtXO3Ar9TT%2Bn6BTNT%2BEKTY%2FSrFc7czDAo%2BzN3ukcLGEOIstYMNJTS%2B%2FIhxJ426LAwZrz0Z8gxOS3jAS9A0EbeaMyzHjpHP3x8jpw3Z8koJcgB1xVWq%2BIv2KyTg%3D%3D%7Ctkp%3ABk9SR6jDuJ6XZw
YVES Saint Lauren for Men Men’s Button Up Dress Shirt Size Medium 15.5 30-31,,£17.97,+£29.61 delivery,20 Feb 2026,12,Pre-owned,https://www.ebay.co.uk/itm/177272514630?_skw=Yves+Saint+Lauren&itmmeta=01KJWYE45WYJDN2JHDQAHR0TC5&hash=item294643e846:g:-WoAAeSw9LhoeTzt&itmprp=enc%3AAQALAAAA8GfYFPkwiKCW4ZNSs2u11xDDj17jzqba0ilY0Tc4e%2BZopTNKqzbh3fL1V4CFXDxEZZhak7tEXVxA9eFYheHgNydLAeDYmYgs%2FDttNum8O%2BM02ikfs00NhBgHJYiDqowMxn%2BYK9DeWvZkOpmZDzPbi1HdRLIRdxbmOvimIU5twH3%2Fh6yJf18tPlxUBv485VLll6yh9eDfQMKRO60ukOOggoyxh4DGpkhY9Ro7kjtj93PLA5z07Jb3s4foiIy6%2FcnfE1zyNsngvZ0x4qoi%2Be7Tp3vV5aCe0K6mvkWLEg7VLTKMntwyzte1we%2F4qGtljX2Ptg%3D%3D%7Ctkp%3ABk9SR6jDuJ6XZw
Yves Saint Lauren Dress Pants Mens 33x34 Navy Pleated 100% Wool Tapered,,£52.51,+£21.75 delivery,15 Feb 2026,17,Pre-owned,https://www.ebay.co.uk/itm/358108621231?_skw=Yves+Saint+Lauren&itmmeta=01KJWYE45W590D56TBDQMNC38W&hash=item5360efe9af:g:ubYAAeSw0XJpZSkM&itmprp=enc%3AAQALAAAA8GfYFPkwiKCW4ZNSs2u11xBz2mSkhWUwVEmXf0iClhhZq62X1yh3spLhZ0I9Ai%2B3aclQAG5IgU09ib4UygGW1w5dtQifCrLSIsaTg1k5SHYNAfvUG4xv4yEYNQcbC46n2fTGuMtwKwNMCXCMd%2BTisyV35F9RZ1dKxrJ9Mv7SOXGMO1IE3bOB%2FsUCLOm0Zn%2FGdXqccHgMuRJXL133KSDalpLJpLAYoTUtLN2ZQ1jEienZxPrkXLDVhyynaqnLPS4GXmcKbhhAWJNX8Nq4EJp6bo107q9gdlT%2BU2nKJRa66LUVUpYj%2B6OT6RF1%2Fu035GXmVQ%3D%3D%7Ctkp%3ABk9SR6jDuJ6XZw
Yves Saint Lauren fleece sweatshirt 1/4 zip winter vintage YSL Sz M,,£107.80,+£8.98 delivery,7 Feb 2026,25,Pre-owned,https://www.ebay.co.uk/itm/205935537813?_skw=Yves+Saint+Lauren&itmmeta=01KJWYE45WPJ3F7M1R9EWPEXQA&hash=item2ff2b6ee95:g:3zoAAeSw1hxpRvmx&itmprp=enc%3AAQALAAAA0GfYFPkwiKCW4ZNSs2u11xB0ddY%2FB53Uwua5jkHZ1lWB8uSVCUrRHvw65%2Bv0bnO1LaN7Q2hOaGn6w7YKukRFQB9R%2BCqQRd8ib7QZHFrwAGBV8acK9eLhbkugFjTvzTKGd0e6s0eNL11xLjXtdsmY0zvIpKZqVpgwCfH0Oz8WmqqKbispQqvwRnY95MoNA2NsypbnrWOjKoZIYhxaWpdjBikyDurcMYvlSK0W1%2FjFFD4MkDTN9kjbskPVNPDT719h4GvPPEmZkAGW5Z7NkLaRamA%3D%7Ctkp%3ABk9SR6jDuJ6XZw
Yves Saint Lauren Paris SL M3/ 001 Black Sunglasses 58mm Italy eyewear,,£62.88,+£17.43 delivery,9 Feb 2026,23,Pre-owned,https://www.ebay.co.uk/itm/286945335559?_skw=Yves+Saint+Lauren&itmmeta=01KJWYE45W4JQYS9CZBNHQCMGZ&hash=item42cf465907:g:jpcAAeSwrhFpGmqh&itmprp=enc%3AAQALAAAA0GfYFPkwiKCW4ZNSs2u11xAeeQjF93gDLhLmlg08wukRlytGkOn8vG5eg9xSUg2%2BIirPFyJw8MkObCUVSdR6DMSm1Oh03a22ACSDQf8dwG0Q%2BQimttJlQGzqsAJp10mjCebJmz%2FoVSLs72kEI%2Bc6Xns9YECkynp0EQALJ2DWmSTRy2J6Mc%2FbURsPf2%2FWuuA1NyTgo3jP0OySE2Xv7WR5%2FAwb4vwJ95%2BlnAhQwiFGmUaRnGz7FiudqSLEU5q8jFwIIbmTKbe7WeFr%2FjRld0B3b3A%3D%7Ctkp%3ABk9SR6jDuJ6XZw
YVES SAINT LAUREN Mini Satin Mombasa Silver Horn Bag With Tag New,,"£1,385.69",+£37.43 delivery,9 Feb 2026,23,Brand new,https://www.ebay.co.uk/itm/236445111120?_skw=Yves+Saint+Lauren&itmmeta=01KJWYE45WEPGZHNGVD7B1YCCY&hash=item370d3a1350:g:YfYAAeSwBexpDx7w&itmprp=enc%3AAQALAAAA0GfYFPkwiKCW4ZNSs2u11xAPWFoXg71OZTIwnutCuHuYm33hFvVUyPAouzHsdFiII5Ey%2BlVGgfHulXgmLj65lXbtNmLR9uXOPPDjtMx7Ma2dND8f4zicbDMGlMdnR1YwqeCnG7uY3FPYFxJlEndE%2BVaKj4gXD5sZb817WyiHEQdPG50xdWshBF0tpXOdRFWPuDaJV%2BGHyOedaa%2F%2BxjgAGsjPJy0b1p41F09eQ9u4IhrS5B34QH7BukWfBzhN1gADQWdto%2FITtkyWvs3auczk46Y%3D%7Ctkp%3ABk9SR6jDuJ6XZw
YvesSaintLauren Customized Tan Cropped Sweatshirt long-sleeve w/ Raw Hem Sz S/M,,£13.48,+£17.64 delivery,8 Feb 2026,24,Pre-owned,https://www.ebay.co.uk/itm/317578316448?_skw=Yves+Saint+Lauren&itmmeta=01KJWYE45W4EJJGEDH9JRV76G0&hash=item49f1248aa0:g:iRUAAeSwlJ9pI4OP&itmprp=enc%3AAQALAAAA0GfYFPkwiKCW4ZNSs2u11xBsm4PgL5MggWzz8RfjmI4yh1EtSLLClxQZO2CSaBAExTAZa6xQXeejNx%2BFpogUdC1AnAbjCHnC0iSaWuVwq6gOXprg0gARFiw1tBh9bxBRhfxHktFmSHZNjKriUc7O4bwFerJwEfpo9a5rO3zmsvLo3yp%2FwZjai8plzJD5RYh49Sfg3CfUaKnzQmbeSUTJjSkjt1r6yH4YGpfKgzV1WKb8yIUXFmH3YZ8VruZvn8YUK%2Fv%2FOYJ%2F4ZKpH64K0DBKTUs%3D%7Ctkp%3ABk9SR6jDuJ6XZw
"YVES Saint Laurent Lauren Blue Suede Crisscross Strappy Cork Wedge Sandals, 36.5",,£224.58,Free delivery,7 Feb 2026,25,Pre-owned ·,https://www.ebay.co.uk/itm/266809017532?_skw=Yves+Saint+Lauren&itmmeta=01KJWYE45W2VYDYCJKRQFN0SJE&hash=item3e1f0e84bc:g:6KgAAOSwoVhmQPKn&itmprp=enc%3AAQALAAAA8GfYFPkwiKCW4ZNSs2u11xAu2c2ftBY%2FUiQWG3PbSiyCTUI9U4pXIhD3R8S%2BaKLvhsbNmXccLT65wHc4FSkpY%2FDxMyZeD7tbLAVuXw4PLnburQas%2BlU7OBLj%2Fffn%2BUDbkLmdmhE1%2BTqU3N6AWh72irrH%2FhnGi6N8ZPZrRbonsYtoR7e%2F%2Bpuy12n7oEIMu1iIi39YoNpPpkJH%2BcdrxevBt%2B7GLjhOCWJfQuWzUUEqaRXyym0L4eRyGHJdeCwn%2FXBZcwhIXlAYUuAYA2uMbb7zAdn7Ri9c%2FgZL0y8EDbu75hE4YDQMzOpLoLq2qAyKcZh1mA%3D%3D%7Ctkp%3ABk9SR6jDuJ6XZw
Yves Saint Lauren Sweater Long YSL Big Logo Wool Sweater,,£88.94,+£13.48 delivery,5 Feb 2026,27,Pre-owned,https://www.ebay.co.uk/itm/389121741713?_skw=Yves+Saint+Lauren&itmmeta=01KJWYE45WKZHFEQ50BMZ9SFQY&hash=item5a99769391:g:9egAAeSw7F5o9ndk&itmprp=enc%3AAQALAAAA8GfYFPkwiKCW4ZNSs2u11xAXELSZ4C%2FW5AcSFsgmBXfzaVgk3A0QtuUE5rffLtf8PR2jNRgXYgvMb0JR956Ur%2F4L4r3LCOxAoTwNKMrha8i0lDoTIRKwZrRhWTsVzblq5dLuhOBiHFiE6xestYIJN3gKCEAD9XQ73%2FRaimu0dVFoute76Z1%2FQpYxluHRJY88zEXnAPY3U6DlO0Io7qOrDbUeBokIFjzOaIYT9UMr1oojoaEZ%2FABP8jc7GN8iGinMYJAGLAMmYii5e%2FM43rVBa5Zj53nObsu39Lf96zE27EqR9HGHhj1u85bSSLilMTB%2BTg%3D%3D%7Ctkp%3ABk9SR6jDuJ6XZw
"YSL Yves Saint Lauren Vintage neckwear Silver Gray Red Tie 56"" x 3,5""",,£41.32,+£16.41 delivery,3 Feb 2026,29,Pre-owned,https://www.ebay.co.uk/itm/267440023343?_skw=Yves+Saint+Lauren&itmmeta=01KJWYE45X6G1RNVPA5AET4N7S&hash=item3e44aae72f:g:LO8AAeSw3tto~pFY&itmprp=enc%3AAQALAAAA8GfYFPkwiKCW4ZNSs2u11xC1tCvU5HRorS1uKM1HP2P2JtNTJKsK%2B9dkcxSxC3mOTnZb8OBHCqxf8bmW8ec%2BE%2Frk42GgDzgVLmTSZLUczdQPesTsvLIPc38Fjq72fxew1rWarZmhQEgj6N7MrdraLIDu9DRwsH5de%2FQqN0DIB8KjxPoKGtLYyrE6FnYypIXz79fD%2BnR3OGg2oKpXz8SRsAeDW7mAIhXf%2FYFcBOdNezaWULjMUhhAZv%2B5x1W7bK4xOv2hfmxlPJcIkoUq0S45%2Fm6YY22h1%2Fbs%2Fwxvzwp0gnQb7OtyhLi8PVZSdX5%2BXUJ1%2Bw%3D%3D%7Ctkp%3ABk9SR6jDuJ6XZw
Yves Saint Lauren Polo Shirt Med Polo Vintage Shirt White Gray Stripes,,£35.93,+£19.70 delivery,27 Jan 2026,36,Pre-owned,https://www.ebay.co.uk/itm/357492360527?_skw=Yves+Saint+Lauren&itmmeta=01KJWYE45XXJ7W0BS59QXVMREC&hash=item533c34854f:g:uQsAAeSwxeVophVy&itmprp=enc%3AAQALAAAA8GfYFPkwiKCW4ZNSs2u11xCta49QnO8G6ljzuCy8ZhTer48NjycvfpszNs0%2FQ4A0ilwJICOXfpEQo6LPw9kQMZJOp8PIQi111ysTmMaa5Zb%2B0rQj%2FPOx5gY2AkCBWURp1b5zHcAnp%2B4z%2B%2FNA5ekf9VcWk1GPtpRSIpcz1MfQGL5nHbhmDXMMzAxvrwm64L%2FaTwCaP7976Po3mjC6CYpXSmc7VQLQW5lx0KsWlTlho3FfYXUsT82FaF%2Fm1qV99nbBnGG%2FY1y1twJWHKFVVdtV5ofZgtTb4H3ozXV51jvv0NMHoiLkCrh9gbjM8%2BVES8er2A%3D%3D%7Ctkp%3ABk9SR6jDuJ6XZw
$4000 YVES Saint Lauren Men’s Wool-Cashmere Overcoat Black Size US40 IT50,,£374.30,+£41.08 delivery,26 Jan 2026,37,Pre-owned,https://www.ebay.co.uk/itm/356405989936?_skw=Yves+Saint+Lauren&itmmeta=01KJWYE45X2XW6VNGG1MGR354X&hash=item52fb73d230:g:bqwAAOSwVfxna3HO&itmprp=enc%3AAQALAAAA8GfYFPkwiKCW4ZNSs2u11xByk5UGCiLQqqSwL3KR2EWXhgxcd7y2lHGw9zum7Nufc7C3%2Fd7RpnIOPE%2Bwh2AQARVapk0tHWzD422yig%2BmOfx6DpvACyWXCdBwKJu3vRTSvDGkj%2FynEUI%2FoDoC%2FrT8UTH0wDTurWtPxpcUlmhiGG%2FDTWLz1hjgANRZVlyPrdOnoTispI%2FbLa8ElZ1KdoFG6H%2Fk5PgmL12THOOZ8V6pjOgJhZvSkyJx3E1Ghk%2BnyIhSjCFaSQeml3JF%2Fsbgq4QCIGXkED53R%2BTKPJ%2F4UAPus7%2B8Uh1jHPJrcpVtmfEpFhwg5g%3D%3D%7Ctkp%3ABk9SR6jDuJ6XZw
90s Vintage Yves Saint Lauren YSL Shirt Mens Large 16-34/35 Gray Striped Dress,,£40.31,+£20.53 delivery,22 Jan 2026,41,Pre-owned,https://www.ebay.co.uk/itm/227184660423?_skw=Yves+Saint+Lauren&itmmeta=01KJWYE45XRA13J5BJHM6062NB&hash=item34e542cfc7:g:yOcAAeSwUmhpcjcL&itmprp=enc%3AAQALAAAA0GfYFPkwiKCW4ZNSs2u11xDmm8DDToZECZKL7KXM6JMmPQBv32DLw%2FSwqv%2BFqoiEDQ0Wq0I6l%2B8jM7xk4AxU2VnHBEBRB3hgU5QPnDKheQ65S%2BtKneJGwaeSzS1auq9kTKh36TYD%2B77VpcPOBaOEtR6DnMMo4I3jRMROI7H0PAEI%2FM%2FbBb5eAS55tFMGVt2KY7HHwFr3rNMNcGJY5CcPLLofRi%2B%2BLJ1RB%2FDTXwpKRjYxt0ynW%2BolPIuVzDhzUI%2BjgIzOPN8uDo1S5IlJuwCeHVM%3D%7Ctkp%3ABk9SR6jDuJ6XZw
Yves Saint Lauren Men's Blazer Black Sport Coat Size 54 Regular Great Condition,,£44.91,+£38.41 delivery,21 Jan 2026,42,Pre-owned,https://www.ebay.co.uk/itm/197716912973?_skw=Yves+Saint+Lauren&itmmeta=01KJWYE45XGHENVRHP6SW1B622&hash=item2e08d8ab4d:g:9ZYAAeSwwGRo0IPd&itmprp=enc%3AAQALAAAA8GfYFPkwiKCW4ZNSs2u11xDydk2z%2BVJC%2FFNbwrHfXkCXPbIBDl4w9kTm1TsOBskbPbNAPzA%2F8WXvRrQfkg2q4cdKOV8zSroyqhwGvUpIytMOSwV3yHzPpWZkFSDMQ0sVq4ZT553dT4RmZQlvjkWSAMZcgVjHaB9%2FYsMfBLUNo28yVTTwMhGFRIk5%2FkZ%2BadRicDD31s95DMkMaYlj1p7zsu4h0RxB3f6AcEmAmGPrEBDZTLfB%2FG7RAgB3jIyTHmJC76dTN6tnbITTm4l%2FqP%2BxPLy84bf3rKDgbgmIFc1ww32LdMH8t7qtJ8%2B89DmDJT5RRg%3D%3D%7Ctkp%3ABk9SR6jDuJ6XZw
Vintage Yves Saint Lauren Short Sleeve Button Up Shirt,,£22.46,Free delivery,21 Jan 2026,42,Pre-owned,https://www.ebay.co.uk/itm/306615439969?_skw=Yves+Saint+Lauren&itmmeta=01KJWYE45XTK41G5FSSRF0C0MD&hash=item4763b45261:g:4BUAAOSwAnhmi-rw&itmprp=enc%3AAQALAAAA0GfYFPkwiKCW4ZNSs2u11xDRQMA1%2BiomfUfNFWxdxHyX2sUSueHSzk4RmS54TpEQVbkBX4c1idDAZolmmEWs%2FpSWR7q3lFk3m6CnMltF4rg9kHevK6bVDWc9SKS6OT3gZgmC0klVXtpCfb9f%2FVYaGA7Va8ieQ3lYTTyP9urgbBlgn5044xsBLwre%2FgNnDVA56NTLTHzz3fAbCd1mEk8h%2B42BttpvMGrc2adgG07BIsW4l23dy08kojylsaTclH9qBgtg0ZgBY%2B4nniAo3tmEKIc%3D%7Ctkp%3ABk9SR6jDuJ6XZw
90s Vintage Yves Saint Lauren YSL Checkered Cotton Long Sleeve Button Up Mens XL,,£31.43,+£18.20 delivery,19 Jan 2026,44,Pre-owned,https://www.ebay.co.uk/itm/366100530024?_skw=Yves+Saint+Lauren&itmmeta=01KJWYE45XM3TKBJZBSS98GP2D&hash=item553d4ac368:g:0GcAAeSw5n9pWd5y&itmprp=enc%3AAQALAAAA8GfYFPkwiKCW4ZNSs2u11xAFPqqqwp4LR4POWC5K2NdFgfmQRIuAv%2BEhGHTZVVE9yk5yS39VHVu2NVjXAZ6a61k%2FWeopcwdsQ8jRu39MsUViRJbnJJ%2Fu50aqmylvO2v7nobTb%2FbMRKwfzYuS%2BcOcPWEBvG1FWJhKBkStKs4HTXhDgfDXMvqBo%2BdXLbqLfxBeGyI3sxQaW1WDff52Tw9QDKDGrSiqi8wxFAcZLdYuL51MDKgq6UFeeIDeGHPriolP7uESigb9AooscP%2FWbLoZomGIcLPuV4hWKzWXuSB9FnKz4OOPD%2FQDJXD9qZRIvXpIPQ%3D%3D%7Ctkp%3ABk9SR6jDuJ6XZw
Yves Saint Lauren NEW York 100% Silk Classic Men's Tie YSL $350.00 widest 3In,,£57.49,+£25.20 delivery,16 Jan 2026,47,New (other),https://www.ebay.co.uk/itm/255803044640?_skw=Yves+Saint+Lauren&itmmeta=01KJWYE45XY6Q28K5AMTBWZR1E&hash=item3b8f0cb320:g:2GwAAOSwWNNjYB-1&itmprp=enc%3AAQALAAAA0GfYFPkwiKCW4ZNSs2u11xBLb07IDiJaJLA8SaHyF45xTqsbrMAYfsDAeSJl45DXDE9kOclWFI4PZdjoA0T6KwjJqcGT6TvayBqcIp9dMG9ZjHnwoygUn2XVvGkaUbvElXpkuNZzIsPtXSR6pHJsFDJ5ic6h98ihthmT3UO9k9mQsFt0N8MYxrQqtkxVjTQa%2FE04yLFpKCWA3wugZQmfYNCiDzDcVcpKz1doD22AlbmZHvCv4gD7mSZn%2F%2BWzHhNWy%2F3ooXAjUl6uAcHINeRGga4%3D%7Ctkp%3ABk9SR6jDuJ6XZw
Yves Saint Lauren Womens Gold Leather Sling Back Closed Toe Shoes US 8 EU 38 1/2,Leather,£114.97,+£33.49 delivery,9 Jan 2026,54,Pre-owned ·,https://www.ebay.co.uk/itm/304429454876?_skw=Yves+Saint+Lauren&itmmeta=01KJWYE45XWSBJTNSSXSP9EPF0&hash=item46e168d61c:g:NqMAAOSw3ZRY-mJA&itmprp=enc%3AAQALAAAA0GfYFPkwiKCW4ZNSs2u11xDS4Kn%2BjCrjdZCSmsrVgY8V07OOpaCGuqUJbtoX8F8MY3Cldtv2%2FFzOjvTfb4HkfD0f2I%2F8DTtodX0M3%2B%2BpqVD6zZzlsPDyUon5966P6adtwMkMMXJOV2QrfBkwMPu0yV5qMHzRfttkF6vpIak%2B2zc5aI0rZuaIE0JmTZB4ZdGPOXNMGClptwU6UC4uQr%2BFlCh2I5p%2Be%2FxXdS2JY%2BP%2BKiLnvyemSTijHJlCINl5meREJAlajoftZbmfO38lVaEbucs%3D%7Ctkp%3ABk9SR6jDuJ6XZw
Yves Saint Lauren vintage plaid men's luxury logo buttons up shirt Size: XL,,£49.41,+£13.48 delivery,4 Jan 2026,59,Pre-owned,https://www.ebay.co.uk/itm/388885948338?_skw=Yves+Saint+Lauren&itmmeta=01KJWYE45XJTYP2QA0J4ZK7MBV&hash=item5a8b68a7b2:g:RSYAAeSwljVorcdX&itmprp=enc%3AAQALAAAA8GfYFPkwiKCW4ZNSs2u11xD6jpASjLdDId5v5hWVA3BUXob2npiuOouNCNDH2Ykfx3exFBkseIbWW%2BMZeMlnWzVNcvpXJe8cJDDk3bSXcywT3S9N9pni%2FRzLWUd0gmiQjIQbgQ8g1s3Kvzx4hwwrQMiQIHnO1rntaOmZVEeQpI3%2BJdqx%2B9YW%2ByX%2B7o3YDKKO184O9tquQLKLCEOw%2BfOpQpbzQvaDb%2BRCLDaeuAzGhBSF3nmbid4%2Fa7UIzTWUAY%2Fdz%2F5YLKX4EmW9WoEx%2FrAeKYihHgK3pdntpBU%2BJSm9fCKDICO%2B1Fop1zUB7z9vm%2B4%2BlQ%3D%3D%7Ctkp%3ABk9SR6jDuJ6XZw
Vintage Yves Saint Lauren All Over Print Charge Pattern T-Shit Size Xxl,,£34.14,+£15.27 delivery,3 Jan 2026,60,Pre-owned,https://www.ebay.co.uk/itm/127325780821?_skw=Yves+Saint+Lauren&itmmeta=01KJWYE45XE0NF6CDCVK3M2A47&hash=item1da5353b55:g:vX8AAeSwAhJoqXZ4&itmprp=enc%3AAQALAAAA8GfYFPkwiKCW4ZNSs2u11xCPGfJpyTpNBITruK%2Frv%2FBNiCwR0D%2FW8zaugISupEkpkKppBkhf097vM3Gltj6Gtz99Q88plTVdkKcrZWaOVa%2Bnt0RKh8wxKl5AijeOidhZct6tK%2Bn38IhIC9jORFOW%2BNbVIxuwoigt1DdQJ5q0hpmQPaDuzGYYUZTduGYdpYpzIJvc72osLKnV8WBGDaDQu3gL%2BaII5u4xM58La1tF%2BqT69QEFODUMqzX2OfuqSqvdsmvCS47yaY%2FJpy4Y59Z6qQuPF4gicMDNC%2BEbXP2xhW%2B4jw4LH8V5xdc7n6VMd%2BM%2BJQ%3D%3D%7Ctkp%3ABk9SR6jDuJ6XZw
YVES SAINT LAUREN men's silk neck tie made in Italy,,£8.98,+£8.98 delivery,3 Jan 2026,60,Pre-owned,https://www.ebay.co.uk/itm/196492688185?_skw=Yves+Saint+Lauren&itmmeta=01KJWYE45XG8XECFDZDHH5HMPE&hash=item2dbfe07b39:g:nHkAAOSwtOVdKadj&itmprp=enc%3AAQALAAAA0GfYFPkwiKCW4ZNSs2u11xDyCqimK1e7K9%2BO4JU09zYH9kjYsrU4raxL0wn6%2Fwkq45aBE%2BmvwdaX71TEDgfXCiGV%2BzRb2Uei1Lu%2F1H8B3Bays8uewKcb8MuuEdlU1%2FoBi4FdF8pEeXdKYG9Pno7BBEo4Qn2IVCMzLd%2FsYfCuzO1gwM90C34bHv9kLsR3cMUhYO%2B9%2FT8z2Emaku%2B%2Bdnca1JJCvNhbUDV%2BgOLKCnetNUmuBelBZYPZlRmNb1N9Neo%2FmFj4DpOxKS9%2BJH0Lqei26As%3D%7Ctkp%3ABk9SR6rDuJ6XZw
Vintage Yves Saint Lauren 3 Piece Brown Suit Saks Fifth Avenue Made in France,,£107.80,+£41.04 delivery,2 Jan 2026,61,Pre-owned,https://www.ebay.co.uk/itm/266938527221?_skw=Yves+Saint+Lauren&itmmeta=01KJWYE45XDWH1FX3Y8CE6S66Q&hash=item3e26c6adf5:g:yI8AAOSwUl9msps6&itmprp=enc%3AAQALAAAA0GfYFPkwiKCW4ZNSs2u11xCPa0lj3aCdobfqvui%2FOfXJZv7QgeOiWCrMXpfc5%2BygE5K1F8b3rXaHrhOFbbDdsx%2Bx4IGxB%2B4QxjiS02oBZDhCCjBLilV7NtVS6DvTHuAVSfaYBh94VwiA%2FWPiQLA0U4ZjK3xHbDh8p%2B9FawHhAr39YRVk5qtOZy2DBpUDbCT5R%2BcsYv6zB6A4g%2BwQcXw%2FLW33nY%2F2KXGxmS7btYGtGgu4vQq%2FP0jfIU3yHzymGQnjEfITimO87vfqIU9bV9Ij8aE%3D%7Ctkp%3ABk9SR6rDuJ6XZw
Vintage Yves Saint Lauren YSL ladies wool belted blazer jacket size ~ M,,£97.86,+£10.50 delivery,31 Dec 2025,63,Pre-owned,https://www.ebay.co.uk/itm/317462731275?_skw=Yves+Saint+Lauren&itmmeta=01KJWYE45X2P9TMJVH7S725Z5N&hash=item49ea40da0b:g:jYoAAOSwJ8tl22sS&itmprp=enc%3AAQALAAAA8GfYFPkwiKCW4ZNSs2u11xB5iRmPlEitFV1zkt2hpHLQEAszAXWvBnI9st7SpH3JnRaHo7z1B78YGAjqzf8oAdMfjZL7KVlDi1iUpRQyCdWXgF%2FgU2fGurCJ0XerbXWwbD04cdrlnxvlQxqeC0Rr8jRd7FEBDzO%2B8NSeTSQLuZ5aEQEM2x8fEO4wd3QmLYkRTWMZxnYmf%2Bqntucw%2BlDfqDfk%2B6g7RinODSDxSAU5RyJta1IT2M3Fsh0KuEDrYXasY4qgrIgcvUoBok2WH21lmE%2Bw6PXpE5NuU4u69CJTmhFhPYBJZA%2BoxH%2FHLq%2F90D5HkA%3D%3D%7Ctkp%3ABk9SR6rDuJ6XZw
Vintage YVES SAINT LAUREN Men's Necktie Handmade Paris New York Burgundy Stripes,,£10.78,+£15.50 delivery,31 Dec 2025,63,Pre-owned,https://www.ebay.co.uk/itm/127573237311?_skw=Yves+Saint+Lauren&itmmeta=01KJWYE45X4MV33CGHT2MX50B0&hash=item1db3f51e3f:g:PksAAeSw8~VpRgm8&itmprp=enc%3AAQALAAAA0GfYFPkwiKCW4ZNSs2u11xBD%2FOBCinJGvitqE2NBM73ChtvlDn9Ow8sIhTtz%2FOXoUJzHHDD%2Bt7s0kP8RC4tDa0bY6w76fMsJt0StKQ1wl0pX%2FsAQPI7ATkE91VLxk949uQofiGfxZicR7t7bqQ5cl39ccoLl0wLB6wHZ%2Bfiue%2B37augy9U5czWRrQQsUigJz3Yn4Lalo5qDjEh9MkWAm9hCKXHtVqzUPeCPaJUXc1hRXIF%2BUSXuW%2Fijzi93wuZ8icFRcNMOUgihBZIZShQzJuhc%3D%7Ctkp%3ABk9SR6rDuJ6XZw
VTG Yves Saint Lauren Suit Mens 36R Gray Pinstripe 2 Button Wool Canvas France,,£215.60,+£21.86 delivery,24 Dec 2025,70,Pre-owned,https://www.ebay.co.uk/itm/306671960589?_skw=Yves+Saint+Lauren&itmmeta=01KJWYE45X16KQFPE72Q4XYPRE&hash=item476712c20d:g:mYEAAeSwo0tpSe0d&itmprp=enc%3AAQALAAAA0GfYFPkwiKCW4ZNSs2u11xAPB8zvsvdTwxj65qgw9jbf8fanDBkJISEzE5iRNaT89nsULaZaxD4aDlYktoea716YxUMwdfyOCWsiZSg2rtaQoYBWncyfRjl187pjBYmQ6GALzUzEwSVRzJFdrCwBG4nukirfamls01tAFb5M0qkwmhEkr%2BpUzRcEDvpj9zIpDKayBxTo3ofC2QOKCKB0YQsIj4VMIVihU43uRSfXiMjIPAjm86ZmQZawNHxHTgO1C5LBPnpsVFM6fGhJcU5qFjs%3D%7Ctkp%3ABk9SR6rDuJ6XZw
"VTG, Yves Saint Lauren:Shoe Pump 2 1/2"" Heal Brown Textured Lace 9 1/2 M Leather",Leather,£29.62,+£26.73 delivery,21 Dec 2025,73,Pre-owned ·,https://www.ebay.co.uk/itm/127149949640?_skw=Yves+Saint+Lauren&itmmeta=01KJWYE45XJHKSX6JE3G2ASDM8&hash=item1d9aba42c8:g:zGkAAOSwtcRoPSRL&itmprp=enc%3AAQALAAAA0GfYFPkwiKCW4ZNSs2u11xCYn%2BzvhMtCny3NAHvXDsR35v%2FPOqeU6zs%2FsDsiffbW%2BtRXkWBkQB3sm1zcSQsis1S3eaWN32JsweBnt4dO70CLRa1TtT%2Fk7YkojilhdJ4geE4VlwwnplzVv5TjimmF1b15nZGYWYLtXS%2FB2b9DZeDfWhwLzjscq9JgaXONymdQZR%2Fmbkjyoc9Hx7zuvOJKWXIrmrxXIHjoa8UpnZQ7M%2F5GtraCnMlon65RQsOaENZ8J%2FEV4zUHjVIcs4%2FuLt%2B5%2Btk%3D%7Ctkp%3ABk9SR6rDuJ6XZw
Tie YVES SAINT LAUREN Brown with Design,,£4.48,+£18.41 delivery,20 Dec 2025,74,Pre-owned,https://www.ebay.co.uk/itm/277574815113?_skw=Yves+Saint+Lauren&itmmeta=01KJWYE45XNRPAD4XQ8XXG6B8K&hash=item40a0bf8d89:g:Ak0AAeSwvQhpM3IH&itmprp=enc%3AAQALAAAA0GfYFPkwiKCW4ZNSs2u11xDfAwenudBg8iF3ADI2Gc3c4XW%2BUdyJ3dxbmOOylXzw9YKp11Kc%2BbT%2FXhDmul%2BPW16zsTARQ%2FeuJi0f7U4kuXE1D2cv4rxdgF%2Fzh10DQjF8mvb%2FkItIDxWVJLQnIa%2FAkto%2B0SyEpfYZ2uv9ZfiDRe5VQY3TuKME9pCksMO8DowDW1oDnhzVeuSq2XnJmjOw%2BZwbNLS3Ix2eUk461XvOi0lOG6w1xa32FAVNv7Q0VCy8BpORz7ZC2C3mK0QpDM4Funk%3D%7Ctkp%3ABk9SR6rDuJ6XZw
"YVES SAINT LAUREN rive gauche France Monogram Stipe Black Blazer (37"" Chest)",,£175.92,+£23.00 delivery,18 Dec 2025,76,Pre-owned,https://www.ebay.co.uk/itm/187092278047?_skw=Yves+Saint+Lauren&itmmeta=01KJWYE45XN1MD0S9X3CWCXK5D&hash=item2b8f919b1f:g:PI4AAOSwAr1n6F6V&itmprp=enc%3AAQALAAAA8GfYFPkwiKCW4ZNSs2u11xAm7FUPutKlcTq5%2FRCUa6d7DW2C4XdK3HaeBz41JZ0xKM%2FSSCeddjO5VxjxkpuFqM69RZ2UXO2RRpr4CqVJEmz8nMJ9Pxas5U3zXW5QfYGYJEuJNQTmJIPMUh1b9veco138TDbFPJ%2Bvkzlac8AcDxAI%2FAPuCzGCKLW0FozaoEGJWClZ4R9DeYCDPLfz96Mm0aoFPC3%2Fsbb3TfFclnCe6%2BCj6CHwXy%2BrlNJ8PUMFn8IgtrG5tQj5ijsEzr4%2BBGJBD5rd2ZJSoph5MgdZXP91LiXHAhAzLwQr1wWNnFNRovyNhg%3D%3D%7Ctkp%3ABk9SR6rDuJ6XZw
Yves Saint Lauren Wool Women's Winter Scarf/Wrap,,£49.41,+£17.44 delivery,15 Dec 2025,79,Brand new,https://www.ebay.co.uk/itm/386903328114?_skw=Yves+Saint+Lauren&itmmeta=01KJWYE45X5TF997QJ4RNCPP80&hash=item5a153c4572:g:JlwAAOSwcF5mDLVs&itmprp=enc%3AAQALAAAA8GfYFPkwiKCW4ZNSs2u11xC5cu1g1yw7d4cgZ6H8HCsaBA88X8ANQublFpMVks2YPMq%2Fz%2B1osYn2wGA7DkFZkOzGq6nfoEq%2BIflHMa0EeHBNunpOV1BYFMvox8fz%2FG4MRG5dEbMiLii9CJZdnTHVbl9dbEd615FKuVFG6Wzw6poU%2BYz5Gr6iZsxnqhcDYBQD2Qwqytan3QulB2dUzueD6UO6FqskPiKjK9r747pMq72H1qk9ObxsmznfEAX322Z6sRQTC4rvTzsXdXen%2FE8TXETUXdYEwlsmMIwkkWZcuVIysX%2BKJXJkXQkVaYJt%2FK3GSw%3D%3D%7Ctkp%3ABk9SR6rDuJ6XZw
